book|chapter|verse|heading
Genesis|1|1|The Creation of the World
Genesis|2|1|The Seventh Day, God Rests
Genesis|2|4|The Creation of Man and Woman
Genesis|3|1|The Fall
Genesis|4|1|Cain and Abel
Genesis|5|1|Adam's Descendants to Noah
Genesis|6|1|Increasing Corruption on Earth
Genesis|6|9|Noah and the Flood
Genesis|8|1|The Flood Subsides
Genesis|8|20|God's Covenant with Noah
Genesis|9|18|Noah's Descendants
Genesis|10|1|Nations Descended from Noah
Genesis|11|1|The Tower of Babel
Genesis|11|10|Shem's Descendants
Genesis|11|27|Terah's Descendants
Genesis|12|1|The Call of Abram
Genesis|12|10|Abram and Sarai in Egypt
Genesis|13|1|Abram and Lot Separate
Genesis|14|1|Abram Rescues Lot
Genesis|14|17|Abram Blessed by Melchizedek
Genesis|15|1|God's Covenant with Abram
Genesis|16|1|Sarai and Hagar
Genesis|17|1|Abraham and the Covenant of Circumcision
Genesis|17|15|Isaac's Birth Promised
Genesis|18|22|Abraham Intercedes for Sodom
Genesis|19|1|God Rescues Lot
Genesis|19|23|God Destroys Sodom
Genesis|19|30|Lot and His Daughters
Genesis|20|1|Abraham and Abimelech
Genesis|21|1|The Birth of Isaac
Genesis|21|8|God Protects Hagar and Ishmael
Genesis|21|22|A Treaty with Abimelech
Genesis|22|1|The Sacrifice of Isaac
Genesis|23|1|Sarah's Death and Burial
Genesis|24|1|Isaac and Rebekah
Genesis|25|1|Abraham's Death and His Descendants
Genesis|25|19|The Birth of Esau and Jacob
Genesis|25|29|Esau Sells His Birthright
Genesis|26|1|God's Promise to Isaac
Genesis|26|6|Isaac and Abimelech
Genesis|27|1|Isaac Blesses Jacob
Genesis|28|1|Jacob Sent to Laban
Genesis|28|6|Esau Marries an Ishmaelite
Genesis|28|10|Jacob's Dream
Genesis|29|1|Jacob Marries Leah and Rachel
Genesis|29|31|Jacob's Children
Genesis|30|25|Jacob's Prosperity
Genesis|31|1|Jacob Flees from Laban
Genesis|32|2|Jacob Fears Esau
Genesis|32|22|Jacob Wrestles with God
Genesis|33|1|Jacob Meets Esau
Genesis|34|1|The Defiling of Dinah
Genesis|35|1|God Blesses and Renames Jacob
Genesis|35|16|The Deaths of Rachel and Isaac
Genesis|36|1|Esau's Descendants
Genesis|37|1|Joseph's Dreams
Genesis|37|12|Joseph Sold by His Brothers
Genesis|38|1|Judah and Tamar
Genesis|39|1|Joseph and Potiphar's Wife
Genesis|40|1|Joseph Interprets Two Prisoners' Dreams
Genesis|41|1|Joseph Interprets Pharaoh's Dreams
Genesis|41|37|Joseph Rises to Power
Genesis|42|1|Joseph's Brothers Go to Egypt
Genesis|43|1|Joseph's Brothers Return to Egypt
Genesis|44|1|Joseph Tests His Brothers
Genesis|45|1|Joseph Provides for His Brothers and Family
Genesis|46|1|Joseph Brings His Family to Egypt
Genesis|46|28|Jacob and Joseph Reunited
Genesis|47|1|Jacob's Family Settles in Goshen
Genesis|47|13|Joseph and the Famine
Genesis|48|1|Jacob Blesses Ephraim and Manasseh
Genesis|49|1|Jacob Blesses His Sons
Genesis|49|28|Jacob's Death and Burial
Genesis|50|15|God's Good Purposes
Genesis|50|22|The Death of Joseph
Exodus|1|1|Israel Increases Greatly in Egypt
Exodus|1|8|Pharaoh Oppresses Israel
Exodus|2|1|The Birth of Moses
Exodus|2|11|Moses Flees to Midian
Exodus|2|23|God Hears Israel's Groaning
Exodus|3|1|The Burning Bush
Exodus|4|1|Moses Given Powerful Signs
Exodus|4|18|Moses Returns to Egypt
Exodus|5|1|Making Bricks Without Straw
Exodus|6|1|God Promises Deliverance
Exodus|6|14|The Genealogy of Moses and Aaron
Exodus|7|1|Moses and Aaron Before Pharaoh
Exodus|7|14|The First Plague: Water Turned to Blood
Exodus|8|1|The Second Plague: Frogs
Exodus|8|16|The Third Plague: Gnats
Exodus|8|20|The Fourth Plague: Flies
Exodus|9|1|The Fifth Plague: Egyptian Livestock Die
Exodus|9|8|The Sixth Plague: Boils
Exodus|9|13|The Seventh Plague: Hail
Exodus|10|1|The Eighth Plague: Locusts
Exodus|10|21|The Ninth Plague: Darkness
Exodus|11|1|A Final Plague Threatened
Exodus|12|1|The Passover
Exodus|12|29|The Tenth Plague: Death of the Firstborn
Exodus|12|33|The Exodus
Exodus|12|43|Institution of the Passover
Exodus|13|1|Consecration of the Firstborn
Exodus|13|3|The Feast of Unleavened Bread
Exodus|13|17|Pillars of Cloud and Fire
Exodus|14|1|Crossing the Red Sea
Exodus|15|1|The Song of Moses
Exodus|15|22|Bitter Water Made Sweet
Exodus|16|1|Bread from Heaven
Exodus|17|1|Water from the Rock
Exodus|17|8|Israel Defeats Amalek
Exodus|18|1|Jethro's Advice
Exodus|19|1|Israel at Mount Sinai
Exodus|20|1|The Ten Commandments
Exodus|20|22|Laws About Altars
Exodus|21|1|Laws About Slaves
Exodus|21|33|Laws About Restitution
Exodus|22|16|Laws About Social Justice
Exodus|23|10|Laws About the Sabbath and Festivals
Exodus|23|20|Conquest of Canaan Promised
Exodus|24|1|The Covenant Confirmed
Exodus|25|1|Contributions for the Sanctuary
Exodus|25|10|The Ark of the Covenant
Exodus|25|23|The Table for Bread
Exodus|25|31|The Golden Lampstand
Exodus|26|1|The Tabernacle
Exodus|27|1|The Bronze Altar
Exodus|27|9|The Court of the Tabernacle
Exodus|27|20|Oil for the Lamp
Exodus|28|1|The Priests' Garments
Exodus|29|1|Consecration of the Priests
Exodus|30|1|The Altar of Incense
Exodus|30|11|The Census Tax
Exodus|30|17|The Bronze Basin
Exodus|30|22|The Anointing Oil and Incense
Exodus|31|1|Oholiab and Bezalel
Exodus|31|12|The Sabbath
Exodus|32|1|The Golden Calf
Exodus|33|1|The Command to Leave Sinai
Exodus|33|7|The Tent of Meeting
Exodus|33|12|Moses' Intercession
Exodus|34|1|Moses Makes New Tablets
Exodus|34|10|The Covenant Renewed
Exodus|34|29|The Shining Face of Moses
Exodus|35|1|Sabbath Regulations
Exodus|35|4|Contributions for the Tabernacle
Exodus|35|30|Construction of the Tabernacle
Exodus|37|1|Making the Ark
Exodus|37|10|Making the Table
Exodus|37|17|Making the Lampstand
Exodus|37|25|Making the Altar of Incense
Exodus|38|1|Making the Altar of Burnt Offering
Exodus|38|8|Making the Bronze Basin
Exodus|38|9|Making the Court
Exodus|38|21|Materials for the Tabernacle
Exodus|39|1|Making the Priestly Garments
Exodus|40|1|The Tabernacle Erected
Exodus|40|34|The Glory of the Lord
Leviticus|1|1|Laws for Burnt Offerings
Leviticus|2|1|Laws for Grain Offerings
Leviticus|3|1|Laws for Peace Offerings
Leviticus|4|1|Laws for Sin Offerings
Leviticus|5|14|Laws for Guilt Offerings
Leviticus|6|8|The Priests and the Offerings
Leviticus|8|1|Consecration of Aaron and His Sons
Leviticus|9|1|The Lord Accepts Aaron's Offering
Leviticus|10|1|The Death of Nadab and Abihu
Leviticus|11|1|Clean and Unclean Animals
Leviticus|12|1|Purification After Childbirth
Leviticus|13|1|Laws About Leprosy
Leviticus|14|1|Laws for Cleansing Lepers
Leviticus|14|33|Laws for Cleansing Houses
Leviticus|15|1|Laws About Bodily Discharges
Leviticus|16|1|The Day of Atonement
Leviticus|17|1|The Place of Sacrifice
Leviticus|17|10|Laws Against Eating Blood
Leviticus|18|1|Unlawful Sexual Relations
Leviticus|19|1|The Lord Is Holy
Leviticus|19|9|Love Your Neighbor as Yourself
Leviticus|19|19|You Shall Keep My Statutes
Leviticus|20|1|Punishment for Child Sacrifice
Leviticus|20|10|Punishments for Sexual Immorality
Leviticus|20|22|You Shall Be Holy
Leviticus|21|1|Holiness and the Priests
Leviticus|22|17|Acceptable Offerings
Leviticus|23|1|Feasts of the Lord
Leviticus|23|3|The Sabbath
Leviticus|23|4|The Passover
Leviticus|23|9|The Feast of Firstfruits
Leviticus|23|15|The Feast of Weeks
Leviticus|23|23|The Feast of Trumpets
Leviticus|23|26|The Day of Atonement
Leviticus|23|33|The Feast of Booths
Leviticus|24|1|The Lamps
Leviticus|24|5|Bread for the Tabernacle
Leviticus|24|10|Punishment for Blasphemy
Leviticus|24|17|An Eye for an Eye
Leviticus|25|1|The Sabbath Year
Leviticus|25|8|The Year of Jubilee
Leviticus|25|23|Redemption of Property
Leviticus|25|35|Kindness for Poor Brothers
Leviticus|25|47|Redeeming a Poor Man
Leviticus|26|1|Blessings for Obedience
Leviticus|26|14|Punishment for Disobedience
Leviticus|27|1|Laws About Vows
Numbers|1|1|A Census of Israel's Warriors
Numbers|1|47|Levites Exempted
Numbers|2|1|Arrangement of the Camp
Numbers|3|1|The Sons of Aaron
Numbers|3|5|Duties of the Levites
Numbers|3|40|Redemption of the Firstborn
Numbers|4|1|Duties of the Kohathites, Gershonites, and Merarites
Numbers|5|1|Unclean People
Numbers|5|5|Confession and Restitution
Numbers|5|11|A Test for Adultery
Numbers|6|1|The Nazirite Vow
Numbers|6|22|Aaron's Blessing
Numbers|7|1|Offerings at the Tabernacle's Consecration
Numbers|8|1|The Seven Lamps
Numbers|8|5|Cleansing of the Levites
Numbers|8|23|Retirement of the Levites
Numbers|9|1|The Passover Celebrated
Numbers|9|15|The Cloud Covering the Tabernacle
Numbers|10|1|The Silver Trumpets
Numbers|10|11|Israel Leaves Sinai
Numbers|11|1|The People Complain
Numbers|11|16|Elders Appointed to Aid Moses
Numbers|11|31|Quail and a Plague
Numbers|12|1|Miriam and Aaron Oppose Moses
Numbers|13|1|Spies Sent into Canaan
Numbers|13|25|Report of the Spies
Numbers|14|1|The People Rebel
Numbers|14|13|Moses Intercedes for the People
Numbers|14|20|God Promises Judgment
Numbers|14|39|Israel Defeated in Battle
Numbers|15|1|Laws About Sacrifices
Numbers|15|22|Laws About Unintentional Sins
Numbers|15|32|A Sabbathbreaker Executed
Numbers|15|37|Tassels on Garments
Numbers|16|1|Korah's Rebellion
Numbers|17|1|Aaron's Staff Buds
Numbers|18|1|Duties of Priests and Levites
Numbers|19|1|Laws for Purification
Numbers|20|1|The Death of Miriam
Numbers|20|2|The Waters of Meribah
Numbers|20|10|Moses Strikes the Rock
Numbers|20|14|Edom Refuses Passage
Numbers|20|22|The Death of Aaron
Numbers|21|1|Arad Destroyed
Numbers|21|4|The Bronze Serpent
Numbers|21|10|The Song of the Well
Numbers|21|21|King Sihon Defeated
Numbers|21|31|King Og Defeated
Numbers|22|1|Balak Summons Balaam
Numbers|22|22|Balaam's Donkey and the Angel
Numbers|23|1|Balaam's First Oracle
Numbers|23|13|Balaam's Second Oracle
Numbers|24|1|Balaam's Third Oracle
Numbers|24|15|Balaam's Final Oracle
Numbers|25|1|Baal Worship at Peor
Numbers|25|10|The Zeal of Phinehas
Numbers|26|1|Census of the New Generation
Numbers|27|1|The Daughters of Zelophehad
Numbers|27|12|Joshua to Succeed Moses
Numbers|28|1|Daily Offerings
Numbers|28|9|Sabbath Offerings
Numbers|28|11|Monthly Offerings
Numbers|28|16|Passover Offerings
Numbers|28|26|Offerings for the Feast of Weeks
Numbers|29|1|Offerings for the Feast of Trumpets
Numbers|29|7|Offerings for the Day of Atonement
Numbers|29|12|Offerings for the Feast of Booths
Numbers|30|1|Men and Vows
Numbers|30|3|Women and Vows
Numbers|31|1|Vengeance on Midian
Numbers|32|1|Reuben and Gad Settle in Gilead
Numbers|33|1|Recounting Israel's Journey
Numbers|33|50|Drive Out the Inhabitants
Numbers|34|1|Boundaries of the Land
Numbers|34|16|List of Tribal Chiefs
Numbers|35|1|Cities for the Levites
Numbers|35|9|Cities of Refuge
Numbers|36|1|Marriage of Female Heirs
Deuteronomy|1|1|The Command to Leave Horeb
Deuteronomy|1|9|Leaders Appointed
Deuteronomy|1|19|Israel's Refusal to Enter the Land
Deuteronomy|1|34|The Penalty for Israel's Rebellion
Deuteronomy|2|1|The Wilderness Years
Deuteronomy|2|26|The Defeat of King Sihon
Deuteronomy|3|1|The Defeat of King Og
Deuteronomy|3|23|Moses Forbidden to Enter the Land
Deuteronomy|4|1|Moses Commands Obedience
Deuteronomy|4|15|Idolatry Forbidden
Deuteronomy|4|32|The Lord Alone Is God
Deuteronomy|4|41|Cities of Refuge
Deuteronomy|4|44|Introduction to the Law
Deuteronomy|5|1|The Ten Commandments
Deuteronomy|6|1|The Greatest Commandment
Deuteronomy|7|1|A Chosen People
Deuteronomy|8|1|Remember the Lord Your God
Deuteronomy|9|1|Not Because of Righteousness
Deuteronomy|9|13|The Golden Calf
Deuteronomy|10|1|New Tablets of Stone
Deuteronomy|10|12|Circumcise Your Heart
Deuteronomy|11|1|Love and Serve the Lord
Deuteronomy|12|1|The Lord's Chosen Place of Worship
Deuteronomy|12|29|Warning Against Idolatry
Deuteronomy|14|1|Clean and Unclean Food
Deuteronomy|14|22|Tithes
Deuteronomy|15|1|The Sabbatical Year
Deuteronomy|16|1|Passover
Deuteronomy|16|9|The Feast of Weeks
Deuteronomy|16|13|The Feast of Booths
Deuteronomy|16|18|Justice
Deuteronomy|16|21|Forbidden Forms of Worship
Deuteronomy|17|8|Legal Decisions by Priests and Judges
Deuteronomy|17|14|Laws Concerning Israel's Kings
Deuteronomy|18|1|Provision for Priests and Levites
Deuteronomy|18|9|Abominable Practices
Deuteronomy|18|15|A New Prophet like Moses
Deuteronomy|19|1|Laws Concerning Cities of Refuge
Deuteronomy|19|14|Property Boundaries
Deuteronomy|19|15|Laws Concerning Witnesses
Deuteronomy|20|1|Laws Concerning Warfare
Deuteronomy|21|1|Atonement for Unsolved Murders
Deuteronomy|21|10|Marrying Female Captives
Deuteronomy|21|15|Inheritance Rights of the Firstborn
Deuteronomy|21|18|A Rebellious Son
Deuteronomy|21|22|A Man Hanged on a Tree Is Cursed
Deuteronomy|22|1|Various Laws
Deuteronomy|22|13|Laws Concerning Sexual Immorality
Deuteronomy|23|1|Those Excluded from the Assembly
Deuteronomy|23|9|Uncleanness in the Camp
Deuteronomy|23|15|Miscellaneous Laws
Deuteronomy|24|1|Laws Concerning Divorce
Deuteronomy|24|5|Miscellaneous Laws
Deuteronomy|25|5|Laws Concerning Levirate Marriage
Deuteronomy|25|11|Miscellaneous Laws
Deuteronomy|26|1|Offerings of Firstfruits and Tithes
Deuteronomy|27|1|The Altar on Mount Ebal
Deuteronomy|27|9|Curses from Mount Ebal
Deuteronomy|28|1|Blessings for Obedience
Deuteronomy|28|15|Curses for Disobedience
Deuteronomy|29|1|The Covenant Renewed in Moab
Deuteronomy|30|1|Repentance and Forgiveness
Deuteronomy|30|11|The Choice of Life and Death
Deuteronomy|31|1|Joshua to Succeed Moses
Deuteronomy|31|9|The Reading of the Law
Deuteronomy|31|14|Joshua Commissioned to Lead Israel
Deuteronomy|31|30|The Song of Moses
Deuteronomy|32|48|Moses' Death Foretold
Deuteronomy|33|1|Moses' Final Blessing on Israel
Deuteronomy|34|1|The Death of Moses
Joshua|1|1|God Commissions Joshua
Joshua|1|10|Joshua Assumes Command
Joshua|2|1|Rahab Hides the Spies
Joshua|3|1|Israel Crosses the Jordan
Joshua|4|1|Twelve Memorial Stones from the Jordan
Joshua|5|1|The New Generation Circumcised
Joshua|5|10|First Passover in Canaan
Joshua|5|13|The Commander of the Lord's Army
Joshua|6|1|The Fall of Jericho
Joshua|7|1|Israel Defeated at Ai
Joshua|7|10|The Sin of Achan
Joshua|8|1|The Fall of Ai
Joshua|8|30|Joshua Renews the Covenant
Joshua|9|1|The Gibeonite Deception
Joshua|10|1|The Sun Stands Still
Joshua|10|16|Five Amorite Kings Executed
Joshua|10|29|Conquest of Southern Canaan
Joshua|11|1|Conquests in Northern Canaan
Joshua|12|1|Kings Defeated by Moses
Joshua|12|7|Kings Defeated by Joshua
Joshua|13|1|Land Still to Be Conquered
Joshua|13|8|The Inheritance East of the Jordan
Joshua|14|1|The Inheritance West of the Jordan
Joshua|14|6|Caleb's Request and Inheritance
Joshua|15|1|The Allotment for Judah
Joshua|16|1|The Allotment for Ephraim and Manasseh
Joshua|18|1|Allotment of the Remaining Land
Joshua|18|11|The Inheritance for Benjamin
Joshua|19|1|The Inheritance for Simeon
Joshua|19|10|The Inheritance for Zebulun
Joshua|19|17|The Inheritance for Issachar
Joshua|19|24|The Inheritance for Asher
Joshua|19|32|The Inheritance for Naphtali
Joshua|19|40|The Inheritance for Dan
Joshua|19|49|The Inheritance for Joshua
Joshua|20|1|The Cities of Refuge
Joshua|21|1|Cities and Pasturelands Allotted to Levi
Joshua|22|1|The Eastern Tribes Return Home
Joshua|22|10|The Eastern Tribes' Altar of Witness
Joshua|23|1|Joshua's Charge to Israel's Leaders
Joshua|24|1|The Covenant Renewal at Shechem
Joshua|24|14|Choose Whom You Will Serve
Joshua|24|29|Joshuaâ€™s Death and Burial
Judges|1|1|The Continuing Conquest of Canaan
Judges|1|27|Failure to Complete the Conquest
Judges|2|1|Israel's Disobedience
Judges|2|6|The Death of Joshua
Judges|2|11|Israel's Unfaithfulness
Judges|2|16|The Lord Raises Up Judges
Judges|3|7|Othniel
Judges|3|12|Ehud
Judges|3|31|Shamgar
Judges|4|1|Deborah and Barak
Judges|5|1|The Song of Deborah and Barak
Judges|6|1|Midian Oppresses Israel
Judges|6|11|The Call of Gideon
Judges|6|28|Gideon Destroys the Altar of Baal
Judges|6|36|The Sign of the Fleece
Judges|7|1|Gideon's Three Hundred Men
Judges|7|19|Gideon Defeats Midian
Judges|8|1|Gideon Defeats Zebah and Zalmunna
Judges|8|22|Gideon's Ephod
Judges|8|29|The Death of Gideon
Judges|9|1|Abimelech's Conspiracy
Judges|9|22|The Downfall of Abimelech
Judges|10|1|Tola and Jair
Judges|10|6|Further Disobedience and Oppression
Judges|11|1|Jephthah Delivers Israel
Judges|11|29|Jephthah's Tragic Vow
Judges|12|1|Jephthah's Conflict with Ephraim
Judges|12|8|Ibzan, Elon, and Abdon
Judges|13|1|The Birth of Samson
Judges|14|1|Samson's Marriage
Judges|15|1|Samson Defeats the Philistines
Judges|16|1|Samson and Delilah
Judges|16|23|The Death of Samson
Judges|17|1|Micah and the Levite
Judges|18|1|Danites Take the Levite and the Idol
Judges|19|1|A Levite and His Concubine
Judges|19|22|Gibeah's Crime
Judges|20|1|Israel's War with the Tribe of Benjamin
Judges|21|1|Wives Provided for the Tribe of Benjamin
Ruth|1|1|Naomi Widowed
Ruth|1|6|Ruth's Loyalty to Naomi
Ruth|1|19|Naomi and Ruth Return
Ruth|2|1|Ruth Meets Boaz
Ruth|3|1|Ruth and Boaz at the Threshing Floor
Ruth|4|1|Boaz Redeems Ruth
Ruth|4|13|Ruth and Boaz Marry
Ruth|4|18|The Genealogy of David
1 Samuel|1|1|The Birth of Samuel
1 Samuel|1|21|Samuel Given to the Lord
1 Samuel|2|1|Hannah's Prayer
1 Samuel|2|12|Eli's Worthless Sons
1 Samuel|2|22|Eli Rebukes His Sons
1 Samuel|2|27|The Lord Rejects Eli's Household
1 Samuel|3|1|The Lord Calls Samuel
1 Samuel|4|1|The Philistines Capture the Ark
1 Samuel|4|12|The Death of Eli
1 Samuel|5|1|The Philistines and the Ark
1 Samuel|6|1|The Ark Returned to Israel
1 Samuel|7|3|Samuel Judges Israel
1 Samuel|8|1|Israel Demands a King
1 Samuel|8|10|Samuel's Warning Against Kings
1 Samuel|8|19|The Lord Grants Israel's Request
1 Samuel|9|1|Saul Chosen to Be King
1 Samuel|10|1|Saul Anointed King
1 Samuel|10|17|Saul Proclaimed King
1 Samuel|11|1|Saul Defeats the Ammonites
1 Samuel|11|12|The Kingdom Is Renewed
1 Samuel|12|1|Samuel's Farewell Address
1 Samuel|13|1|Saul Fights the Philistines
1 Samuel|13|8|Saul's Unlawful Sacrifice
1 Samuel|14|1|Jonathan Defeats the Philistines
1 Samuel|14|24|Saul's Rash Vow
1 Samuel|14|47|Saul Fights Israel's Enemies
1 Samuel|15|1|The Lord Rejects Saul
1 Samuel|16|1|David Anointed King
1 Samuel|16|14|David in Saul's Service
1 Samuel|17|1|David and Goliath
1 Samuel|18|1|David and Jonathan's Friendship
1 Samuel|18|6|Saul's Jealousy of David
1 Samuel|18|17|David Marries Michal
1 Samuel|19|1|Saul Tries to Kill David
1 Samuel|20|1|Jonathan Warns David
1 Samuel|21|1|David and the Holy Bread
1 Samuel|21|10|David Flees to Gath
1 Samuel|22|1|David at the Cave of Adullam
1 Samuel|22|6|Saul Kills the Priests at Nob
1 Samuel|23|1|David Saves the City of Keilah
1 Samuel|23|15|Saul Pursues David
1 Samuel|24|1|David Spares Saul's Life
1 Samuel|25|1|The Death of Samuel
1 Samuel|25|1|David and Abigail
1 Samuel|26|1|David Spares Saul Again
1 Samuel|27|1|David Flees to the Philistines
1 Samuel|28|1|Saul and the Medium of En-dor
1 Samuel|29|1|The Philistines Reject David
1 Samuel|30|1|David's Wives Are Captured
1 Samuel|30|16|David Defeats the Amalekites
1 Samuel|31|1|The Death of Saul
2 Samuel|1|1|David Hears of Saul's Death
2 Samuel|1|17|David's Lament for Saul and Jonathan
2 Samuel|2|1|David Anointed King of Judah
2 Samuel|2|8|Ish-bosheth Made King of Israel
2 Samuel|2|12|The Battle of Gibeon
2 Samuel|3|1|Abner Joins David
2 Samuel|3|26|Joab Murders Abner
2 Samuel|3|31|David Mourns Abner
2 Samuel|4|1|Ish-bosheth Murdered
2 Samuel|5|1|David Anointed King of Israel
2 Samuel|5|17|David Defeats the Philistines
2 Samuel|6|1|The Ark Brought to Jerusalem
2 Samuel|6|5|Uzzah and the Ark
2 Samuel|6|16|David and Michal
2 Samuel|7|1|The Lord's Covenant with David
2 Samuel|7|18|David's Prayer of Gratitude
2 Samuel|8|1|David's Victories
2 Samuel|8|15|David's Officials
2 Samuel|9|1|David's Kindness to Mephibosheth
2 Samuel|10|1|David Defeats Ammon and Syria
2 Samuel|11|1|David and Bathsheba
2 Samuel|12|1|Nathan Rebukes David
2 Samuel|12|15|David's Child Dies
2 Samuel|12|24|Solomon's Birth
2 Samuel|12|26|Rabbah Is Captured
2 Samuel|13|1|Amnon and Tamar
2 Samuel|13|23|Absalom Murders Amnon
2 Samuel|13|34|Absalom Flees to Geshur
2 Samuel|14|1|Absalom Returns to Jerusalem
2 Samuel|15|1|Absalom's Conspiracy
2 Samuel|15|13|David Flees Jerusalem
2 Samuel|16|1|David and Ziba
2 Samuel|16|5|Shimei Curses David
2 Samuel|16|15|Absalom Enters Jerusalem
2 Samuel|17|1|Hushai Saves David
2 Samuel|18|1|Absalom Killed
2 Samuel|18|19|David Hears of Absalom's Death
2 Samuel|18|31|David's Grief
2 Samuel|19|1|Joab Rebukes David
2 Samuel|19|8|David Returns to Jerusalem
2 Samuel|19|16|David Pardons His Enemies
2 Samuel|20|1|The Rebellion of Sheba
2 Samuel|21|1|David Avenges the Gibeonites
2 Samuel|21|15|War with the Philistines
2 Samuel|22|1|David's Song of Deliverance
2 Samuel|23|1|The Last Words of David
2 Samuel|23|8|David's Mighty Men
2 Samuel|24|1|David's Census
2 Samuel|24|10|The Lord's Judgment of David's Sin
2 Samuel|24|18|David Builds an Altar
1 Kings|1|1|David in His Old Age
1 Kings|1|5|Adonijah Sets Himself Up as King
1 Kings|1|11|Nathan and Bathsheba Before David
1 Kings|1|28|Solomon Anointed King
1 Kings|2|1|David's Instructions to Solomon
1 Kings|2|10|The Death of David
1 Kings|2|13|Solomon's Reign Established
1 Kings|3|1|Solomon's Prayer for Wisdom
1 Kings|3|16|Solomon's Wisdom
1 Kings|4|1|Solomon's Officials
1 Kings|4|20|Solomon's Wealth and Wisdom
1 Kings|5|1|Preparations for Building the Temple
1 Kings|6|1|Solomon Builds the Temple
1 Kings|7|1|Solomon Builds His Palace
1 Kings|7|13|The Temple Furnishings
1 Kings|8|1|The Ark Brought into the Temple
1 Kings|8|12|Solomon Blesses the Lord
1 Kings|8|22|Solomon's Prayer of Dedication
1 Kings|8|54|Solomon's Benediction
1 Kings|8|62|Solomon's Sacrifices
1 Kings|9|1|The Lord Appears to Solomon
1 Kings|9|10|Solomon's Other Acts
1 Kings|10|1|The Queen of Sheba
1 Kings|10|14|Solomon's Great Wealth
1 Kings|11|1|Solomon Turns from the Lord
1 Kings|11|9|The Lord Raises Adversaries
1 Kings|12|1|Rehoboam's Folly
1 Kings|12|16|The Kingdom Divided
1 Kings|12|25|Jeroboam's Golden Calves
1 Kings|13|1|A Man of God Confronts Jeroboam
1 Kings|13|11|The Prophet's Disobedience
1 Kings|14|1|Prophecy Against Jeroboam
1 Kings|14|19|The Death of Jeroboam
1 Kings|14|21|Rehoboam Reigns in Judah
1 Kings|15|1|Abijam Reigns in Judah
1 Kings|15|9|Asa Reigns in Judah
1 Kings|15|25|Nadab Reigns in Israel
1 Kings|15|33|Baasha Reigns in Israel
1 Kings|16|8|Elah Reigns in Israel
1 Kings|16|15|Zimri Reigns in Israel
1 Kings|16|21|Omri Reigns in Israel
1 Kings|16|29|Ahab Reigns in Israel
1 Kings|17|1|Elijah Predicts a Drought
1 Kings|17|8|The Widow of Zarephath
1 Kings|17|17|Elijah Raises the Widow's Son
1 Kings|18|1|Elijah Confronts Ahab
1 Kings|18|20|The Prophets of Baal Defeated
1 Kings|18|41|The Lord Sends Rain
1 Kings|19|1|Elijah Flees Jezebel
1 Kings|19|9|The Lord Speaks to Elijah
1 Kings|19|19|The Call of Elisha
1 Kings|20|1|Ahab's Wars with Syria
1 Kings|20|13|Ahab Defeats Ben-hadad
1 Kings|20|26|Ahab Defeats Ben-hadad Again
1 Kings|20|35|A Prophet Condemns Ben-hadad's Release
1 Kings|21|1|Naboth's Vineyard
1 Kings|21|17|The Lord Condemns Ahab
1 Kings|21|25|Ahab's Repentance
1 Kings|22|1|Ahab and the False Prophets
1 Kings|22|13|Micaiah Prophesies Against Ahab
1 Kings|22|29|Ahab Killed in Battle
1 Kings|22|41|Jehoshaphat Reigns in Judah
1 Kings|22|51|Ahaziah Reigns in Israel
2 Kings|1|1|Elijah Denounces Ahaziah
2 Kings|2|1|Elijah Taken to Heaven
2 Kings|2|15|Elisha Succeeds Elijah
2 Kings|3|1|Moab Rebels Against Israel
2 Kings|4|1|Elisha and the Widow's Oil
2 Kings|4|8|Elisha and the Shunammite Woman
2 Kings|4|18|Elisha Raises the Shunammite's Son
2 Kings|4|38|Elisha Purifies the Deadly Stew
2 Kings|5|1|Naaman Healed of Leprosy
2 Kings|5|15|Gehazi's Greed and Punishment
2 Kings|6|1|The Axe Head Recovered
2 Kings|6|8|Horses and Chariots of Fire
2 Kings|6|24|Ben-hadad's Siege of Samaria
2 Kings|7|1|Elisha Promises Food
2 Kings|7|3|The Syrians Flee
2 Kings|8|1|The Shunammite's Land Restored
2 Kings|8|7|Hazael Murders Ben-hadad
2 Kings|8|16|Jehoram Reigns in Judah
2 Kings|8|25|Ahaziah Reigns in Judah
2 Kings|9|1|Jehu Anointed King of Israel
2 Kings|9|14|Jehu Assassinates Joram and Ahaziah
2 Kings|9|30|Jehu Executes Jezebel
2 Kings|10|1|Jehu Slaughters Ahab's Descendants
2 Kings|10|18|Jehu Strikes Down the Prophets of Baal
2 Kings|10|28|Jehu Reigns in Israel
2 Kings|11|1|Athaliah Reigns in Judah
2 Kings|11|4|Joash Anointed King in Judah
2 Kings|11|21|Jehoash Reigns in Judah
2 Kings|12|4|Jehoash Repairs the Temple
2 Kings|12|19|The Death of Joash
2 Kings|13|1|Jehoahaz Reigns in Israel
2 Kings|13|10|Jehoash Reigns in Israel
2 Kings|13|14|The Death of Elisha
2 Kings|14|1|Amaziah Reigns in Judah
2 Kings|14|23|Jeroboam II Reigns in Israel
2 Kings|15|1|Azariah Reigns in Judah
2 Kings|15|8|Zechariah Reigns in Israel
2 Kings|15|13|Shallum Reigns in Israel
2 Kings|15|17|Menahem Reigns in Israel
2 Kings|15|23|Pekahiah Reigns in Israel
2 Kings|15|27|Pekah Reigns in Israel
2 Kings|15|32|Jotham Reigns in Judah
2 Kings|16|1|Ahaz Reigns in Judah
2 Kings|17|1|Hoshea Reigns in Israel
2 Kings|17|6|The Fall of Israel
2 Kings|17|7|Exile Because of Idolatry
2 Kings|17|24|Assyria Resettles Samaria
2 Kings|18|1|Hezekiah Reigns in Judah
2 Kings|18|13|Sennacherib Attacks Judah
2 Kings|19|1|Isaiah Reassures Hezekiah
2 Kings|19|8|Sennacherib Defies the Lord
2 Kings|19|14|Hezekiah's Prayer
2 Kings|19|20|Isaiah Prophesies Sennacherib's Fall
2 Kings|20|1|Hezekiah's Illness and Recovery
2 Kings|20|12|Hezekiah and the Babylonian Envoys
2 Kings|21|1|Manasseh Reigns in Judah
2 Kings|21|10|Manasseh's Idolatry Denounced
2 Kings|21|19|Amon Reigns in Judah
2 Kings|22|1|Josiah Reigns in Judah
2 Kings|22|3|Josiah Repairs the Temple
2 Kings|22|8|Hilkiah Finds the Book of the Law
2 Kings|23|1|Josiah's Reforms
2 Kings|23|21|Josiah Restores the Passover
2 Kings|23|28|Josiah's Death in Battle
2 Kings|23|31|Jehoahaz's Reign and Captivity
2 Kings|23|36|Jehoiakim Reigns in Judah
2 Kings|24|8|Jehoiachin Reigns in Judah
2 Kings|24|10|Jerusalem Captured
2 Kings|24|18|Zedekiah Reigns in Judah
2 Kings|25|1|Fall and Captivity of Judah
2 Kings|25|22|Gedaliah Made Governor of Judah
2 Kings|25|27|Jehoiachin Released from Prison
1 Chronicles|1|1|From Adam to Abraham
1 Chronicles|1|28|From Abraham to Jacob
1 Chronicles|2|1|A Genealogy of David
1 Chronicles|3|1|Descendants of David
1 Chronicles|4|1|Descendants of Judah
1 Chronicles|4|24|Descendants of Simeon
1 Chronicles|5|1|Descendants of Reuben
1 Chronicles|5|11|Descendants of Gad
1 Chronicles|5|23|The Half-Tribe of Manasseh
1 Chronicles|6|1|Descendants of Levi
1 Chronicles|7|1|Descendants of Issachar
1 Chronicles|7|6|Descendants of Benjamin
1 Chronicles|7|13|Descendants of Naphtali
1 Chronicles|7|14|Descendants of Manasseh
1 Chronicles|7|20|Descendants of Ephraim
1 Chronicles|7|30|Descendants of Asher
1 Chronicles|8|1|A Genealogy of Saul
1 Chronicles|9|1|A Genealogy of the Returned Exiles
1 Chronicles|9|35|Saul's Genealogy Repeated
1 Chronicles|10|1|The Death of Saul and His Sons
1 Chronicles|11|1|David Anointed King
1 Chronicles|11|4|David Takes Jerusalem
1 Chronicles|11|10|David's Mighty Men
1 Chronicles|12|1|The Mighty Men Join David
1 Chronicles|13|1|The Ark Brought from Kiriath-Jearim
1 Chronicles|13|5|Uzzah and the Ark
1 Chronicles|14|1|David's Wives and Children
1 Chronicles|14|8|Philistines Defeated
1 Chronicles|15|1|The Ark Brought to Jerusalem
1 Chronicles|16|1|The Ark Placed in a Tent
1 Chronicles|16|8|David's Song of Thanks
1 Chronicles|16|37|Worship Before the Ark
1 Chronicles|17|1|The Lord's Covenant with David
1 Chronicles|17|16|David's Prayer
1 Chronicles|18|1|David Defeats His Enemies
1 Chronicles|18|14|David's Administration
1 Chronicles|19|1|The Ammonites Disgrace David's Men
1 Chronicles|19|10|Ammonites and Syrians Defeated
1 Chronicles|20|1|The Capture of Rabbah
1 Chronicles|20|4|Philistine Giants Killed
1 Chronicles|21|1|David's Census Brings Pestilence
1 Chronicles|21|18|David Builds an Altar
1 Chronicles|22|2|David Prepares for Temple Building
1 Chronicles|22|6|Solomon Charged to Build the Temple
1 Chronicles|23|1|David Organizes the Levites
1 Chronicles|24|1|David Organizes the Priests
1 Chronicles|25|1|David Organizes the Musicians
1 Chronicles|26|1|Divisions of the Gatekeepers
1 Chronicles|26|20|Treasurers and Other Officials
1 Chronicles|27|1|Military Divisions
1 Chronicles|27|16|Leaders of Tribes
1 Chronicles|28|1|David's Charge to Israel
1 Chronicles|28|9|David's Charge to Solomon
1 Chronicles|29|1|Offerings for the Temple
1 Chronicles|29|10|David Prays in the Assembly
1 Chronicles|29|22|Solomon Anointed King
1 Chronicles|29|26|The Death of David
2 Chronicles|1|1|Solomon Worships at Gibeon
2 Chronicles|1|7|Solomon Prays for Wisdom
2 Chronicles|1|14|Solomon Given Wealth
2 Chronicles|2|1|Preparing to Build the Temple
2 Chronicles|3|1|Solomon Builds the Temple
2 Chronicles|4|1|The Temple's Furnishings
2 Chronicles|5|2|The Ark Brought to the Temple
2 Chronicles|6|1|Solomon Blesses the People
2 Chronicles|6|12|Solomon's Prayer of Dedication
2 Chronicles|7|1|Fire from Heaven
2 Chronicles|7|4|The Dedication of the Temple
2 Chronicles|7|11|If My People Pray
2 Chronicles|8|1|Solomon's Accomplishments
2 Chronicles|9|1|The Queen of Sheba
2 Chronicles|9|13|Solomon's Wealth
2 Chronicles|9|29|Solomon's Death
2 Chronicles|10|1|The Revolt Against Rehoboam
2 Chronicles|11|1|Rehoboam Secures His Kingdom
2 Chronicles|11|13|Priests and Levites Come to Jerusalem
2 Chronicles|11|18|Rehoboam's Family
2 Chronicles|12|1|Egypt Plunders Jerusalem
2 Chronicles|13|1|Abijah Reigns in Judah
2 Chronicles|14|1|Asa Reigns in Judah
2 Chronicles|15|1|Asa's Religious Reforms
2 Chronicles|16|1|Asa's Last Years
2 Chronicles|17|1|Jehoshaphat Reigns in Judah
2 Chronicles|18|1|Jehoshaphat Allies with Ahab
2 Chronicles|18|28|The Defeat and Death of Ahab
2 Chronicles|19|1|Jehoshaphat's Reforms
2 Chronicles|20|1|Jehoshaphat's Prayer
2 Chronicles|20|24|The Lord Delivers Judah
2 Chronicles|20|35|The End of Jehoshaphat's Reign
2 Chronicles|21|1|Jehoram Reigns in Judah
2 Chronicles|22|1|Ahaziah Reigns in Judah
2 Chronicles|22|10|Athaliah Reigns in Judah
2 Chronicles|23|1|Joash Made King
2 Chronicles|23|12|Athaliah Executed
2 Chronicles|23|16|Jehoiada's Reforms
2 Chronicles|24|1|Joash Repairs the Temple
2 Chronicles|24|20|Joash's Treachery
2 Chronicles|24|23|Joash Assassinated
2 Chronicles|25|1|Amaziah Reigns in Judah
2 Chronicles|25|5|Amaziah's Victories
2 Chronicles|25|14|Amaziah's Idolatry
2 Chronicles|25|17|Israel Defeats Amaziah
2 Chronicles|26|1|Uzziah Reigns in Judah
2 Chronicles|26|16|Uzziah's Pride and Punishment
2 Chronicles|27|1|Jotham Reigns in Judah
2 Chronicles|28|1|Ahaz Reigns in Judah
2 Chronicles|28|5|Judah Defeated
2 Chronicles|28|22|Ahaz's Idolatry
2 Chronicles|29|1|Hezekiah Reigns in Judah
2 Chronicles|29|3|Hezekiah Cleanses the Temple
2 Chronicles|29|20|Hezekiah Restores Temple Worship
2 Chronicles|30|1|Passover Celebrated
2 Chronicles|31|1|Hezekiah Organizes the Priests
2 Chronicles|32|1|Sennacherib Invades Judah
2 Chronicles|32|9|Sennacherib Blasphemes
2 Chronicles|32|20|The Lord Delivers Jerusalem
2 Chronicles|32|24|Hezekiah's Pride and Achievements
2 Chronicles|33|1|Manasseh Reigns in Judah
2 Chronicles|33|10|Manasseh's Repentance
2 Chronicles|33|21|Amon's Reign and Death
2 Chronicles|34|1|Josiah Reigns in Judah
2 Chronicles|34|8|The Book of the Law Found
2 Chronicles|34|22|Huldah Prophesies Disaster
2 Chronicles|35|1|Josiah Keeps the Passover
2 Chronicles|35|20|Josiah Killed in Battle
2 Chronicles|36|1|Judah's Decline
2 Chronicles|36|17|Jerusalem Captured and Burned
2 Chronicles|36|22|The Proclamation of Cyrus
Ezra|1|1|The Proclamation of Cyrus
Ezra|2|1|The Exiles Return
Ezra|3|1|Rebuilding the Altar
Ezra|3|8|Rebuilding the Temple
Ezra|4|1|Adversaries Oppose the Rebuilding
Ezra|4|7|The Letter to King Artaxerxes
Ezra|4|17|The King Orders the Work to Cease
Ezra|5|1|Rebuilding Begins Anew
Ezra|5|6|Tattenai's Letter to King Darius
Ezra|6|1|The Decree of Darius
Ezra|6|13|The Temple Finished and Dedicated
Ezra|6|19|Passover Celebrated
Ezra|7|1|Ezra Sent to Teach the People
Ezra|8|1|Genealogy of Those Who Returned with Ezra
Ezra|8|15|Ezra Sends for Levites
Ezra|8|21|Fasting and Prayer for Protection
Ezra|8|24|Priests to Guard Offerings
Ezra|9|1|Ezra Prays About Intermarriage
Ezra|10|1|The People Confess Their Sin
Ezra|10|18|Those Guilty of Intermarriage
Nehemiah|1|1|Report from Jerusalem
Nehemiah|1|4|Nehemiah's Prayer
Nehemiah|2|1|Nehemiah Sent to Judah
Nehemiah|2|9|Nehemiah Inspects Jerusalem's Walls
Nehemiah|3|1|Rebuilding the Wall
Nehemiah|4|1|Opposition to the Work
Nehemiah|4|15|The Work Resumes
Nehemiah|5|1|Nehemiah Stops Oppression of the Poor
Nehemiah|5|14|Nehemiah's Generosity
Nehemiah|6|1|Conspiracy Against Nehemiah
Nehemiah|6|15|The Wall Is Finished
Nehemiah|7|5|Lists of Returned Exiles
Nehemiah|7|66|Totals of People and Gifts
Nehemiah|8|1|Ezra Reads the Law
Nehemiah|8|9|This Day Is Holy
Nehemiah|8|13|Feast of Booths Celebrated
Nehemiah|9|1|The People of Israel Confess Their Sin
Nehemiah|10|1|The People Who Sealed the Covenant
Nehemiah|10|28|The Obligations of the Covenant
Nehemiah|11|1|The Leaders in Jerusalem
Nehemiah|11|25|Villages Outside Jerusalem
Nehemiah|12|1|Priests and Levites
Nehemiah|12|27|Dedication of the Wall
Nehemiah|12|44|Service at the Temple
Nehemiah|13|1|Nehemiah's Final Reforms
Esther|1|1|The King's Banquets
Esther|1|10|Queen Vashti's Refusal
Esther|2|1|Esther Chosen Queen
Esther|2|19|Mordecai Discovers a Plot
Esther|3|1|Haman Plots Against the Jews
Esther|4|1|Esther Agrees to Help the Jews
Esther|5|1|Esther Prepares a Banquet
Esther|5|9|Haman Plans to Hang Mordecai
Esther|6|1|The King Honors Mordecai
Esther|6|14|Esther Reveals Haman's Plot
Esther|7|7|Haman Is Hanged
Esther|8|1|Esther Saves the Jews
Esther|9|1|The Jews Destroy Their Enemies
Esther|9|20|The Feast of Purim Inaugurated
Esther|10|1|The Greatness of Mordecai
Job|1|1|Job's Character and Wealth
Job|1|6|Satan Allowed to Test Job
Job|1|13|Satan Takes Job's Property and Children
Job|2|1|Satan Attacks Job's Health
Job|2|11|Job's Three Friends
Job|3|1|Job Laments His Birth
Job|4|1|Eliphaz Speaks: The Innocent Prosper
Job|6|1|Job Replies: My Complaint Is Just
Job|7|1|Job Continues: My Life Has No Hope
Job|8|1|Bildad Speaks: Job Should Repent
Job|9|1|Job Replies: There Is No Arbiter
Job|10|1|Job Continues: A Plea to God
Job|11|1|Zophar Speaks: You Deserve Worse
Job|12|1|Job Replies: The Lord Has Done This
Job|13|1|Job Continues: Still I Will Hope in God
Job|14|1|Job Continues: Death Comes Soon to All
Job|15|1|Eliphaz Accuses: Job Does Not Fear God
Job|16|1|Job Replies: Miserable Comforters Are You
Job|17|1|Job Continues: Where Then Is My Hope?
Job|18|1|Bildad Speaks: God Punishes the Wicked
Job|19|1|Job Replies: My Redeemer Lives
Job|20|1|Zophar Speaks: The Wicked Will Suffer
Job|21|1|Job Replies: The Wicked Do Prosper
Job|22|1|Eliphaz Speaks: Job's Wickedness Is Great
Job|23|1|Job Replies: Where Is God?
Job|25|1|Bildad Speaks: Man Cannot Be Righteous
Job|26|1|Job Replies: God's Majesty Is Unsearchable
Job|27|1|Job Continues: I Will Maintain My Integrity
Job|28|1|Job Continues: Where Is Wisdom?
Job|29|1|Job's Summary Defense
Job|31|1|Job's Final Appeal
Job|32|1|Elihu Rebukes Job's Three Friends
Job|33|1|Elihu Rebukes Job
Job|34|1|Elihu Asserts God's Justice
Job|35|1|Elihu Condemns Job
Job|36|1|Elihu Extols God's Greatness
Job|37|1|Elihu Proclaims God's Majesty
Job|38|1|The Lord Answers Job
Job|40|3|Job Promises Silence
Job|40|6|The Lord Challenges Job
Job|42|1|Job's Confession and Repentance
Job|42|7|The Lord Rebukes Job's Friends
Job|42|10|The Lord Restores Job's Fortunes
Psalms|1|1|The Way of the Righteous and the Wicked
Psalms|2|1|The Reign of the Lord's Anointed
Psalms|3|1|A Psalm of David, when he fled from Absalom his son.
Psalms|4|1|Answer Me When I Call
Psalms|5|1|Lead Me in Your Righteousness
Psalms|6|1|O Lord, Deliver My Life
Psalms|7|1|In You Do I Take Refuge
Psalms|8|1|How Majestic Is Your Name
Psalms|9|1|I Will Recount Your Wonderful Deeds
Psalms|10|1|Why Do You Hide Yourself?
Psalms|11|1|The Lord Is in His Holy Temple
Psalms|12|1|The Faithful Have Vanished
Psalms|13|1|How Long, O Lord?
Psalms|14|1|The Fool Says, There Is No God
Psalms|15|1|Who Shall Dwell on Your Holy Hill?
Psalms|16|1|You Will Not Abandon My Soul
Psalms|17|1|In the Shadow of Your Wings
Psalms|18|1|The Lord Is My Rock and My Fortress
Psalms|19|1|The Law of the Lord Is Perfect
Psalms|20|1|Trust in the Name of the Lord Our God
Psalms|21|1|The King Rejoices in the Lord's Strength
Psalms|22|1|Why Have You Forsaken Me?
Psalms|23|1|The Lord Is My Shepherd
Psalms|24|1|The King of Glory
Psalms|25|1|Teach Me Your Paths
Psalms|26|1|I Will Bless the Lord
Psalms|27|1|The Lord Is My Light and My Salvation
Psalms|28|1|The Lord Is My Strength and My Shield
Psalms|29|1|Ascribe to the Lord Glory
Psalms|30|1|Joy Comes with the Morning
Psalms|31|1|Into Your Hand I Commit My Spirit
Psalms|32|1|Blessed Are the Forgiven
Psalms|33|1|The Steadfast Love of the Lord
Psalms|34|1|Taste and See That the Lord Is Good
Psalms|35|1|Great Is the Lord
Psalms|36|1|How Precious Is Your Steadfast Love
Psalms|37|1|He Will Not Forsake His Saints
Psalms|38|1|Do Not Forsake Me, O Lord
Psalms|39|1|What Is the Measure of My Days?
Psalms|40|1|My Help and My Deliverer
Psalms|41|1|O Lord, Be Gracious to Me
Psalms|42|1|Why Are You Cast Down, O My Soul?
Psalms|43|1|Send Out Your Light and Your Truth
Psalms|44|1|Come to Our Help
Psalms|45|1|Your Throne, O God, Is Forever
Psalms|46|1|God Is Our Fortress
Psalms|47|1|God Is King over All the Earth
Psalms|48|1|Zion, the City of Our God
Psalms|49|1|Why Should I Fear in Times of Trouble?
Psalms|50|1|God Himself Is Judge
Psalms|51|1|Create in Me a Clean Heart, O God
Psalms|52|1|The Steadfast Love of God Endures
Psalms|53|1|There Is None Who Does Good
Psalms|54|1|The Lord Upholds My Life
Psalms|55|1|Cast Your Burden on the Lord
Psalms|56|1|In God I Trust
Psalms|57|1|Let Your Glory Be over All the Earth
Psalms|58|1|God Who Judges the Earth
Psalms|59|1|Deliver Me from My Enemies
Psalms|60|1|He Will Tread Down Our Foes
Psalms|61|1|Lead Me to the Rock
Psalms|62|1|My Soul Waits for God Alone
Psalms|63|1|My Soul Thirsts for You
Psalms|64|1|Hide Me from the Wicked
Psalms|65|1|O God of Our Salvation
Psalms|66|1|How Awesome Are Your Deeds
Psalms|67|1|Make Your Face Shine upon Us
Psalms|68|1|God Shall Scatter His Enemies
Psalms|69|1|Save Me, O God
Psalms|70|1|O Lord, Do Not Delay
Psalms|71|1|Forsake Me Not When My Strength Is Spent
Psalms|72|1|Give the King Your Justice
Psalms|73|1|God Is My Strength and Portion Forever
Psalms|74|1|Arise, O God, Defend Your Cause
Psalms|75|1|God Will Judge with Equity
Psalms|76|1|Who Can Stand Before You?
Psalms|77|1|In the Day of Trouble I Seek the Lord
Psalms|78|1|Tell the Coming Generation
Psalms|79|1|How Long, O Lord?
Psalms|80|1|Restore Us, O God
Psalms|81|1|Oh, That My People Would Listen to Me
Psalms|82|1|Rescue the Weak and Needy
Psalms|83|1|O God, Do Not Keep Silence
Psalms|84|1|My Soul Longs for the Courts of the Lord
Psalms|85|1|Revive Us Again
Psalms|86|1|Great Is Your Steadfast Love
Psalms|87|1|Glorious Things of You Are Spoken
Psalms|88|1|I Cry Out Day and Night Before You
Psalms|89|1|I Will Sing of the Steadfast Love of the Lord
Psalms|90|1|From Everlasting to Everlasting
Psalms|91|1|My Refuge and My Fortress
Psalms|92|1|How Great Are Your Works
Psalms|93|1|The Lord Reigns
Psalms|94|1|The Lord Will Not Forsake His People
Psalms|95|1|Let Us Sing Songs of Praise
Psalms|96|1|Worship in the Splendor of Holiness
Psalms|97|1|The Lord Reigns
Psalms|98|1|Make a Joyful Noise to the Lord
Psalms|99|1|The Lord Our God Is Holy
Psalms|100|1|His Steadfast Love Endures Forever
Psalms|101|1|I Will Walk with Integrity
Psalms|102|1|Do Not Hide Your Face from Me
Psalms|103|1|Bless the Lord, O My Soul
Psalms|104|1|O Lord My God, You Are Very Great
Psalms|105|1|Tell of All His Wondrous Works
Psalms|106|1|Give Thanks to the Lord, for He Is Good
Psalms|107|1|Let the Redeemed of the Lord Say So
Psalms|108|1|With God We Shall Do Valiantly
Psalms|109|1|Help Me, O Lord My God
Psalms|110|1|Sit at My Right Hand
Psalms|111|1|Great Are the Lord's Works
Psalms|112|1|The Righteous Will Never Be Moved
Psalms|113|1|Who Is like the Lord Our God?
Psalms|114|1|Tremble at the Presence of the Lord
Psalms|115|1|To Your Name Give Glory
Psalms|116|1|I Love the Lord
Psalms|117|1|The Lord's Faithfulness Endures Forever
Psalms|118|1|His Steadfast Love Endures Forever
Psalms|119|1|Your Word Is a Lamp to My Feet
Psalms|120|1|Deliver Me, O Lord
Psalms|121|1|My Help Comes from the Lord
Psalms|122|1|Let Us Go to the House of the Lord
Psalms|123|1|Our Eyes Look to the Lord Our God
Psalms|124|1|Our Help Is in the Name of the Lord
Psalms|125|1|The Lord Surrounds His People
Psalms|126|1|Restore Our Fortunes, O Lord
Psalms|127|1|Unless the Lord Builds the House
Psalms|128|1|Blessed Is Everyone Who Fears the Lord
Psalms|129|1|They Have Afflicted Me from My Youth
Psalms|130|1|My Soul Waits for the Lord
Psalms|131|1|I Have Calmed and Quieted My Soul
Psalms|132|1|The Lord Has Chosen Zion
Psalms|133|1|When Brothers Dwell in Unity
Psalms|134|1|Come, Bless the Lord
Psalms|135|1|Your Name, O Lord, Endures Forever
Psalms|136|1|His Steadfast Love Endures Forever
Psalms|137|1|How Shall We Sing the Lord's Song?
Psalms|138|1|Give Thanks to the Lord
Psalms|139|1|Search Me, O God, and Know My Heart
Psalms|140|1|Deliver Me, O Lord, from Evil Men
Psalms|141|1|Give Ear to My Voice
Psalms|142|1|You Are My Refuge
Psalms|143|1|My Soul Thirsts for You
Psalms|144|1|My Rock and My Fortress
Psalms|145|1|Great Is the Lord
Psalms|146|1|Put Not Your Trust in Princes
Psalms|147|1|He Heals the Brokenhearted
Psalms|148|1|Praise the Name of the Lord
Psalms|149|1|Sing to the Lord a New Song
Psalms|150|1|Let Everything Praise the Lord
Proverbs|1|1|The Beginning of Knowledge
Proverbs|1|8|The Enticement of Sinners
Proverbs|1|20|The Call of Wisdom
Proverbs|2|1|The Value of Wisdom
Proverbs|3|1|Trust in the Lord with All Your Heart
Proverbs|3|13|Blessed Is the One Who Finds Wisdom
Proverbs|4|1|A Father's Wise Instruction
Proverbs|5|1|Warning Against Adultery
Proverbs|6|1|Practical Warnings
Proverbs|6|20|Warnings Against Adultery
Proverbs|7|1|Warning Against the Adulteress
Proverbs|8|1|The Blessings of Wisdom
Proverbs|9|1|The Way of Wisdom
Proverbs|9|13|The Way of Folly
Proverbs|10|1|The Proverbs of Solomon
Proverbs|22|17|Words of the Wise
Proverbs|24|23|More Sayings of the Wise
Proverbs|25|1|More Proverbs of Solomon
Proverbs|30|1|The Words of Agur
Proverbs|31|1|The Words of King Lemuel
Proverbs|31|10|The Woman Who Fears the Lord
Ecclesiastes|1|1|All Is Vanity
Ecclesiastes|1|12|The Vanity of Wisdom
Ecclesiastes|2|1|The Vanity of Self-Indulgence
Ecclesiastes|2|12|The Vanity of Living Wisely
Ecclesiastes|2|18|The Vanity of Toil
Ecclesiastes|3|1|A Time for Everything
Ecclesiastes|3|9|The God-Given Task
Ecclesiastes|3|16|From Dust to Dust
Ecclesiastes|4|1|Evil Under the Sun
Ecclesiastes|5|1|Fear God
Ecclesiastes|7|1|The Contrast of Wisdom and Folly
Ecclesiastes|8|1|The Vanity of Wealth and Honor
Ecclesiastes|8|1|Keep the King's Command
Ecclesiastes|8|10|Those Who Fear God Will Do Well
Ecclesiastes|8|14|Man Cannot Know God's Ways
Ecclesiastes|9|1|Death Comes to All
Ecclesiastes|9|7|Enjoy Life with the One You Love
Ecclesiastes|9|11|Wisdom Better Than Folly
Ecclesiastes|11|1|Cast Your Bread upon the Waters
Ecclesiastes|12|1|Remember Your Creator in Your Youth
Ecclesiastes|12|9|Fear God and Keep His Commandments
Song of Solomon|1|2|The Bride Confesses Her Love
Song of Solomon|1|8|Solomon and His Bride Delight in Each Other
Song of Solomon|2|8|The Bride Adores Her Beloved
Song of Solomon|3|1|The Bride's Dream
Song of Solomon|3|6|Solomon Arrives for the Wedding
Song of Solomon|4|1|Solomon Admires His Bride's Beauty
Song of Solomon|4|16|Together in the Garden of Love
Song of Solomon|5|2|The Bride Searches for Her Beloved
Song of Solomon|5|10|The Bride Praises Her Beloved
Song of Solomon|6|2|Together in the Garden of Love
Song of Solomon|6|4|Solomon and His Bride Delight in Each Other
Song of Solomon|7|11|The Bride Gives Her Love
Song of Solomon|8|1|Longing for Her Beloved
Song of Solomon|8|8|Final Advice
Isaiah|1|2|The Wickedness of Judah
Isaiah|1|21|The Unfaithful City
Isaiah|2|1|The Mountain of the Lord
Isaiah|2|6|The Day of the Lord
Isaiah|3|1|Judgment on Judah and Jerusalem
Isaiah|4|2|The Branch of the Lord Glorified
Isaiah|5|1|The Vineyard of the Lord Destroyed
Isaiah|5|8|Woe to the Wicked
Isaiah|6|1|Isaiah's Vision of the Lord
Isaiah|6|8|Isaiah's Commission from the Lord
Isaiah|7|1|Isaiah Sent to King Ahaz
Isaiah|7|10|The Sign of Immanuel
Isaiah|8|1|The Coming Assyrian Invasion
Isaiah|8|11|Fear God, Wait for the Lord
Isaiah|9|1|For to Us a Child Is Born
Isaiah|9|8|Judgment on Arrogance and Oppression
Isaiah|10|5|Judgment on Arrogant Assyria
Isaiah|10|20|The Remnant of Israel Will Return
Isaiah|11|1|The Righteous Reign of the Branch
Isaiah|12|1|The Lord Is My Strength and My Song
Isaiah|13|1|The Judgment of Babylon
Isaiah|14|1|The Restoration of Jacob
Isaiah|14|3|Israel's Remnant Taunts Babylon
Isaiah|14|24|An Oracle Concerning Assyria
Isaiah|14|28|An Oracle Concerning Philistia
Isaiah|15|1|An Oracle Concerning Moab
Isaiah|17|1|An Oracle Concerning Damascus
Isaiah|18|1|An Oracle Concerning Cush
Isaiah|19|1|An Oracle Concerning Egypt
Isaiah|19|16|Egypt, Assyria, Israel Blessed
Isaiah|20|1|A Sign Against Egypt and Cush
Isaiah|21|1|Fallen, Fallen Is Babylon
Isaiah|22|1|An Oracle Concerning Jerusalem
Isaiah|23|1|An Oracle Concerning Tyre and Sidon
Isaiah|24|1|Judgment on the Whole Earth
Isaiah|25|1|God Will Swallow Up Death Forever
Isaiah|26|1|You Keep Him in Perfect Peace
Isaiah|27|1|The Redemption of Israel
Isaiah|28|1|Judgment on Ephraim and Jerusalem
Isaiah|28|14|A Cornerstone in Zion
Isaiah|29|1|The Siege of Jerusalem
Isaiah|30|1|Do Not Go Down to Egypt
Isaiah|30|8|A Rebellious People
Isaiah|30|18|The Lord Will Be Gracious
Isaiah|31|1|Woe to Those Who Go Down to Egypt
Isaiah|32|1|A King Will Reign in Righteousness
Isaiah|32|9|Complacent Women Warned of Disaster
Isaiah|33|1|O Lord, Be Gracious to Us
Isaiah|34|1|Judgment on the Nations
Isaiah|35|1|The Ransomed Shall Return
Isaiah|36|1|Sennacherib Invades Judah
Isaiah|37|1|Hezekiah Seeks Isaiah's Help
Isaiah|37|14|Hezekiah's Prayer for Deliverance
Isaiah|37|21|Sennacherib's Fall
Isaiah|38|1|Hezekiah's Sickness and Recovery
Isaiah|39|1|Envoys from Babylon
Isaiah|40|1|Comfort for God's People
Isaiah|40|6|The Word of God Stands Forever
Isaiah|40|9|The Greatness of God
Isaiah|41|1|Fear Not, for I Am with You
Isaiah|41|21|The Futility of Idols
Isaiah|42|1|The Lord's Chosen Servant
Isaiah|42|10|Sing to the Lord a New Song
Isaiah|42|18|Israel's Failure to Hear and See
Isaiah|43|1|Israel's Only Savior
Isaiah|44|1|Israel the Lord's Chosen
Isaiah|44|6|Besides Me There Is No God
Isaiah|44|9|The Folly of Idolatry
Isaiah|44|21|The Lord Redeems Israel
Isaiah|45|1|Cyrus, God's Instrument
Isaiah|45|14|The Lord, the Only Savior
Isaiah|46|1|The Idols of Babylon and the One True God
Isaiah|47|1|The Humiliation of Babylon
Isaiah|48|1|Israel Refined for God's Glory
Isaiah|48|12|The Lord's Call to Israel
Isaiah|49|1|The Servant of the Lord
Isaiah|49|8|The Restoration of Israel
Isaiah|50|1|Israel's Sin and the Servant's Obedience
Isaiah|51|1|The Lord's Comfort for Zion
Isaiah|52|1|The Lord's Coming Salvation
Isaiah|52|13|He Was Pierced for Our Transgressions
Isaiah|54|1|The Eternal Covenant of Peace
Isaiah|55|1|The Compassion of the Lord
Isaiah|56|1|Salvation for Foreigners
Isaiah|56|9|Israel's Irresponsible Leaders
Isaiah|57|1|Israel's Futile Idolatry
Isaiah|57|14|Comfort for the Contrite
Isaiah|58|1|True and False Fasting
Isaiah|59|1|Evil and Oppression
Isaiah|59|14|Judgment and Redemption
Isaiah|60|1|The Future Glory of Israel
Isaiah|61|1|The Year of the Lord's Favor
Isaiah|62|1|Zion's Coming Salvation
Isaiah|63|1|The Lord's Day of Vengeance
Isaiah|63|7|The Lord's Mercy Remembered
Isaiah|63|15|Prayer for Mercy
Isaiah|65|1|Judgment and Salvation
Isaiah|65|17|New Heavens and a New Earth
Isaiah|66|1|The Humble and Contrite in Spirit
Isaiah|66|7|Rejoice with Jerusalem
Isaiah|66|15|Final Judgment and Glory of the Lord
Jeremiah|1|4|The Call of Jeremiah
Jeremiah|2|1|Israel Forsakes the Lord
Jeremiah|3|6|Faithless Israel Called to Repentance
Jeremiah|4|5|Disaster from the North
Jeremiah|4|19|Anguish over Judah's Desolation
Jeremiah|5|1|Jerusalem Refused to Repent
Jeremiah|5|14|The Lord Proclaims Judgment
Jeremiah|6|1|Impending Disaster for Jerusalem
Jeremiah|7|1|Evil in the Land
Jeremiah|7|30|The Valley of Slaughter
Jeremiah|8|4|Sin and Treachery
Jeremiah|8|18|Jeremiah Grieves for His People
Jeremiah|10|1|Idols and the Living God
Jeremiah|11|1|The Broken Covenant
Jeremiah|12|1|Jeremiah's Complaint
Jeremiah|12|5|The Lord Answers Jeremiah
Jeremiah|13|1|The Ruined Loincloth
Jeremiah|13|12|The Jars Filled with Wine
Jeremiah|13|15|Exile Threatened
Jeremiah|14|1|Famine, Sword, and Pestilence
Jeremiah|14|13|Lying Prophets
Jeremiah|15|1|The Lord Will Not Relent
Jeremiah|15|10|Jeremiah's Complaint
Jeremiah|16|1|Famine, Sword, and Death
Jeremiah|16|14|The Lord Will Restore Israel
Jeremiah|17|1|The Sin of Judah
Jeremiah|17|14|Jeremiah Prays for Deliverance
Jeremiah|17|19|Keep the Sabbath Holy
Jeremiah|18|1|The Potter and the Clay
Jeremiah|19|1|The Broken Flask
Jeremiah|20|1|Jeremiah Persecuted by Pashhur
Jeremiah|21|1|Jerusalem Will Fall to Nebuchadnezzar
Jeremiah|21|11|Message to the House of David
Jeremiah|22|11|Message to the Sons of Josiah
Jeremiah|23|1|The Righteous Branch
Jeremiah|23|9|Lying Prophets
Jeremiah|24|1|The Good Figs and the Bad Figs
Jeremiah|25|1|Seventy Years of Captivity
Jeremiah|25|15|The Cup of the Lord's Wrath
Jeremiah|26|1|Jeremiah Threatened with Death
Jeremiah|26|16|Jeremiah Spared from Death
Jeremiah|27|1|The Yoke of Nebuchadnezzar
Jeremiah|28|1|Hananiah the False Prophet
Jeremiah|29|1|Jeremiah's Letter to the Exiles
Jeremiah|29|24|Shemaiah's False Prophecy
Jeremiah|30|1|Restoration for Israel and Judah
Jeremiah|31|1|The Lord Will Turn Mourning to Joy
Jeremiah|31|31|The New Covenant
Jeremiah|32|1|Jeremiah Buys a Field During the Siege
Jeremiah|32|16|Jeremiah Prays for Understanding
Jeremiah|32|36|They Shall Be My People; I Will Be Their God
Jeremiah|33|1|The Lord Promises Peace
Jeremiah|33|14|The Lord's Eternal Covenant with David
Jeremiah|34|1|Zedekiah to Die in Babylon
Jeremiah|35|1|The Obedience of the Rechabites
Jeremiah|36|1|Jehoiakim Burns Jeremiah's Scroll
Jeremiah|37|1|Jeremiah Warns Zedekiah
Jeremiah|37|11|Jeremiah Imprisoned
Jeremiah|38|1|Jeremiah Cast into the Cistern
Jeremiah|38|7|Jeremiah Rescued from the Cistern
Jeremiah|38|14|Jeremiah Warns Zedekiah Again
Jeremiah|39|1|The Fall of Jerusalem
Jeremiah|39|11|The Lord Delivers Jeremiah
Jeremiah|40|1|Jeremiah Remains in Judah
Jeremiah|41|1|Gedaliah Murdered
Jeremiah|42|1|Warning Against Going to Egypt
Jeremiah|43|1|Jeremiah Taken to Egypt
Jeremiah|44|1|Judgment for Idolatry
Jeremiah|45|1|Message to Baruch
Jeremiah|46|1|Judgment on Egypt
Jeremiah|47|1|Judgment on the Philistines
Jeremiah|48|1|Judgment on Moab
Jeremiah|49|1|Judgment on Ammon
Jeremiah|49|7|Judgment on Edom
Jeremiah|49|23|Judgment on Damascus
Jeremiah|49|28|Judgment on Kedar and Hazor
Jeremiah|49|34|Judgment on Elam
Jeremiah|50|1|Judgment on Babylon
Jeremiah|51|1|The Utter Destruction of Babylon
Jeremiah|52|1|The Fall of Jerusalem Recounted
Jeremiah|52|12|The Temple Burned
Jeremiah|52|24|The People Exiled to Babylon
Jeremiah|52|31|Jehoiachin Released from Prison
Lamentations|1|1|How Lonely Sits the City
Lamentations|2|1|The Lord Has Destroyed Without Pity
Lamentations|3|1|Great Is Your Faithfulness
Lamentations|4|1|The Holy Stones Lie Scattered
Lamentations|5|1|Restore Us to Yourself, O Lord
Ezekiel|1|1|Ezekiel in Babylon
Ezekiel|1|4|The Glory of the Lord
Ezekiel|2|1|Ezekiel's Call
Ezekiel|3|16|A Watchman for Israel
Ezekiel|4|1|The Siege of Jerusalem Symbolized
Ezekiel|5|1|Jerusalem Will Be Destroyed
Ezekiel|6|1|Judgment Against Idolatry
Ezekiel|7|1|The Day of the Wrath of the Lord
Ezekiel|8|1|Abominations in the Temple
Ezekiel|9|1|Idolaters Killed
Ezekiel|10|1|The Glory of the Lord Leaves the Temple
Ezekiel|11|1|Judgment on Wicked Counselors
Ezekiel|11|14|Israel's New Heart and Spirit
Ezekiel|12|1|Judah's Captivity Symbolized
Ezekiel|13|1|False Prophets Condemned
Ezekiel|14|1|Idolatrous Elders Condemned
Ezekiel|14|12|Jerusalem Will Not Be Spared
Ezekiel|15|1|Jerusalem, a Useless Vine
Ezekiel|16|1|The Lord's Faithless Bride
Ezekiel|16|59|The Lord's Everlasting Covenant
Ezekiel|17|1|Parable of Two Eagles and a Vine
Ezekiel|18|1|The Soul Who Sins Shall Die
Ezekiel|19|1|A Lament for the Princes of Israel
Ezekiel|20|1|Israel's Continuing Rebellion
Ezekiel|20|33|The Lord Will Restore Israel
Ezekiel|21|1|The Lord Has Drawn His Sword
Ezekiel|22|1|Israel's Shedding of Blood
Ezekiel|23|1|Oholah and Oholibah
Ezekiel|24|1|The Siege of Jerusalem
Ezekiel|24|15|Ezekiel's Wife Dies
Ezekiel|25|1|Prophecy Against Ammon
Ezekiel|25|8|Prophecy Against Moab and Seir
Ezekiel|25|12|Prophecy Against Edom
Ezekiel|25|15|Prophecy Against Philistia
Ezekiel|26|1|Prophecy Against Tyre
Ezekiel|27|1|A Lament for Tyre
Ezekiel|28|1|Prophecy Against the Prince of Tyre
Ezekiel|28|11|A Lament over the King of Tyre
Ezekiel|28|20|Prophecy Against Sidon
Ezekiel|28|25|Israel Gathered in Security
Ezekiel|29|1|Prophecy Against Egypt
Ezekiel|30|1|A Lament for Egypt
Ezekiel|30|20|Egypt Shall Fall to Babylon
Ezekiel|31|1|Pharaoh to Be Slain
Ezekiel|32|1|A Lament over Pharaoh and Egypt
Ezekiel|33|1|Ezekiel Is Israel's Watchman
Ezekiel|33|10|Why Will You Die, Israel?
Ezekiel|33|21|Jerusalem Struck Down
Ezekiel|34|1|Prophecy Against the Shepherds of Israel
Ezekiel|34|11|The Lord God Will Seek Them Out
Ezekiel|34|25|The Lord's Covenant of Peace
Ezekiel|35|1|Prophecy Against Mount Seir
Ezekiel|36|1|Prophecy to the Mountains of Israel
Ezekiel|36|16|The Lord's Concern for His Holy Name
Ezekiel|36|22|I Will Put My Spirit Within You
Ezekiel|37|1|The Valley of Dry Bones
Ezekiel|37|15|I Will Be Their God; They Shall Be My People
Ezekiel|38|1|Prophecy Against Gog
Ezekiel|39|25|The Lord Will Restore Israel
Ezekiel|40|1|Vision of the New Temple
Ezekiel|40|5|The East Gate to the Outer Court
Ezekiel|40|17|The Outer Court
Ezekiel|40|20|The North Gate
Ezekiel|40|24|The South Gate
Ezekiel|40|28|The Inner Court
Ezekiel|40|44|Chambers for the Priests
Ezekiel|40|48|The Vestibule of the Temple
Ezekiel|41|1|The Inner Temple
Ezekiel|42|1|The Temple's Chambers
Ezekiel|43|1|The Glory of the Lord Fills the Temple
Ezekiel|43|13|The Altar
Ezekiel|44|1|The Gate for the Prince
Ezekiel|44|15|Rules for Levitical Priests
Ezekiel|45|1|The Holy District
Ezekiel|45|7|The Portion for the Prince
Ezekiel|46|1|The Prince and the Feasts
Ezekiel|46|19|Boiling Places for Offerings
Ezekiel|47|1|Water Flowing from the Temple
Ezekiel|47|13|Division of the Land
Ezekiel|48|30|The Gates of the City
Daniel|1|1|Daniel Taken to Babylon
Daniel|1|8|Daniel's Faithfulness
Daniel|2|1|Nebuchadnezzar's Dream
Daniel|2|17|God Reveals Nebuchadnezzar's Dream
Daniel|2|31|Daniel Interprets the Dream
Daniel|2|46|Daniel is Promoted
Daniel|3|1|Nebuchadnezzar's Golden Image
Daniel|3|8|The Fiery Furnace
Daniel|4|1|Nebuchadnezzar Praises God
Daniel|4|4|Nebuchadnezzar's Second Dream
Daniel|4|19|Daniel Interprets the Second Dream
Daniel|4|28|Nebuchadnezzar's Humiliation
Daniel|4|34|Nebuchadnezzar Restored
Daniel|5|1|The Handwriting on the Wall
Daniel|5|13|Daniel Interprets the Handwriting
Daniel|6|1|Daniel and the Lions' Den
Daniel|7|1|Daniel's Vision of the Four Beasts
Daniel|7|9|The Ancient of Days Reigns
Daniel|7|13|The Son of Man Is Given Dominion
Daniel|7|15|Daniel's Vision Interpreted
Daniel|8|1|Daniel's Vision of the Ram and the Goat
Daniel|8|15|The Interpretation of the Vision
Daniel|9|1|Daniel's Prayer for His People
Daniel|9|20|Gabriel Brings an Answer
Daniel|9|24|The Seventy Weeks
Daniel|10|1|Daniel's Terrifying Vision of a Man
Daniel|11|1|The Kings of the South and the North
Daniel|12|1|The Time of the End
Hosea|1|2|Hosea's Wife and Children
Hosea|2|1|Israel's Unfaithfulness Punished
Hosea|2|14|The Lord's Mercy on Israel
Hosea|3|1|Hosea Redeems His Wife
Hosea|4|1|The Lord Accuses Israel
Hosea|5|1|Punishment Coming for Israel and Judah
Hosea|6|1|Israel and Judah Are Unrepentant
Hosea|8|1|Israel Will Reap the Whirlwind
Hosea|9|1|The Lord Will Punish Israel
Hosea|11|1|The Lord's Love for Israel
Hosea|12|2|The Lord's Indictment of Israel and Judah
Hosea|13|1|The Lord's Relentless Judgment on Israel
Hosea|14|1|A Plea to Return to the Lord
Joel|1|2|An Invasion of Locusts
Joel|1|13|A Call to Repentance
Joel|2|1|The Day of the Lord
Joel|2|12|Return to the Lord
Joel|2|18|The Lord Had Pity
Joel|2|28|The Lord Will Pour Out His Spirit
Joel|3|1|The Lord Judges the Nations
Joel|3|17|The Glorious Future of Judah
Amos|1|2|Judgment on Israel's Neighbors
Amos|2|4|Judgment on Judah
Amos|2|6|Judgment on Israel
Amos|3|1|Israel's Guilt and Punishment
Amos|4|6|Israel Has Not Returned to the Lord
Amos|5|1|Seek the Lord and Live
Amos|5|18|Let Justice Roll Down
Amos|6|1|Woe to Those at Ease in Zion
Amos|7|1|Warning Visions
Amos|7|10|Amos Accused
Amos|8|1|The Coming Day of Bitter Mourning
Amos|9|1|The Destruction of Israel
Amos|9|11|The Restoration of Israel
Obadiah|1|1|Edom Will Be Humbled
Obadiah|1|10|Edom's Violence Against Jacob
Obadiah|1|15|The Day of the Lord Is Near
Obadiah|1|19|The Kingdom of the Lord
Jonah|1|1|Jonah Flees the Presence of the Lord
Jonah|1|7|Jonah Is Thrown into the Sea
Jonah|1|17|A Great Fish Swallows Jonah
Jonah|2|1|Jonah's Prayer
Jonah|3|1|Jonah Goes to Nineveh
Jonah|3|6|The People of Nineveh Repent
Jonah|4|1|Jonah's Anger and the Lord's Compassion
Micah|1|2|The Coming Destruction
Micah|2|1|Woe to the Oppressors
Micah|3|1|Rulers and Prophets Denounced
Micah|4|1|The Mountain of the Lord
Micah|4|6|The Lord Shall Rescue Zion
Micah|5|1|The Ruler to Be Born in Bethlehem
Micah|5|7|A Remnant Shall Be Delivered
Micah|6|1|The Indictment of the Lord
Micah|6|6|What Does the Lord Require?
Micah|6|9|Destruction of the Wicked
Micah|7|1|Wait for the God of Salvation
Micah|7|18|God's Steadfast Love and Compassion
Nahum|1|2|God's Wrath Against Nineveh
Nahum|2|1|The Destruction of Nineveh
Nahum|3|1|Woe to Nineveh
Habakkuk|1|2|Habakkuk's Complaint
Habakkuk|1|5|The Lord's Answer
Habakkuk|1|12|Habakkuk's Second Complaint
Habakkuk|2|2|The Righteous Shall Live by His Faith
Habakkuk|2|6|Woe to the Chaldeans
Habakkuk|3|1|Habakkuk's Prayer
Habakkuk|3|17|Habakkuk Rejoices in the Lord
Zephaniah|1|2|The Coming Judgment on Judah
Zephaniah|1|7|The Day of the Lord Is Near
Zephaniah|2|1|Judgment on Judah's Enemies
Zephaniah|3|1|Judgment on Jerusalem and the Nations
Zephaniah|3|9|The Conversion of the Nations
Zephaniah|3|14|Israel's Joy and Restoration
Haggai|1|1|The Command to Rebuild the Temple
Haggai|1|12|The People Obey the Lord
Haggai|2|1|The Coming Glory of the Temple
Haggai|2|10|Blessings for a Defiled People
Haggai|2|20|Zerubbabel Chosen as a Signet
Zechariah|1|1|A Call to Return to the Lord
Zechariah|1|7|A Vision of a Horseman
Zechariah|1|18|A Vision of Horns and Craftsmen
Zechariah|2|1|A Vision of a Man with a Measuring Line
Zechariah|3|1|A Vision of Joshua the High Priest
Zechariah|4|1|A Vision of a Golden Lampstand
Zechariah|5|1|A Vision of a Flying Scroll
Zechariah|5|5|A Vision of a Woman in a Basket
Zechariah|6|1|A Vision of Four Chariots
Zechariah|6|9|The Crown and the Temple
Zechariah|7|1|A Call for Justice and Mercy
Zechariah|8|1|The Coming Peace and Prosperity of Zion
Zechariah|9|1|Judgment on Israel's Enemies
Zechariah|9|9|The Coming King of Zion
Zechariah|9|14|The Lord Will Save His People
Zechariah|10|1|The Restoration for Judah and Israel
Zechariah|11|1|The Flock Doomed to Slaughter
Zechariah|12|1|The Lord Will Give Salvation
Zechariah|12|10|Him Whom They Have Pierced
Zechariah|13|2|Idolatry Cut Off
Zechariah|13|7|The Shepherd Struck
Zechariah|14|1|The Coming Day of the Lord
Malachi|1|2|The Lord's Love for Israel
Malachi|1|6|The Priests' Polluted Offerings
Malachi|2|1|The Lord Rebukes the Priests
Malachi|2|10|Judah Profaned the Covenant
Malachi|2|17|The Messenger of the Lord
Malachi|3|6|Robbing God
Malachi|3|16|The Book of Remembrance
Malachi|4|1|The Great Day of the Lord
Matthew|1|1|The Genealogy of Jesus Christ
Matthew|1|18|The Birth of Jesus Christ
Matthew|2|2|The Visit of the Wise Men
Matthew|2|13|The Flight to Egypt
Matthew|2|16|Herod Kills the Children
Matthew|2|19|The Return to Nazareth
Matthew|3|1|John the Baptist Prepares the Way
Matthew|3|13|The Baptism of Jesus
Matthew|4|1|The Temptation of Jesus
Matthew|4|12|Jesus Begins His Ministry
Matthew|4|18|Jesus Calls the First Disciples
Matthew|4|23|Jesus Ministers to Great Crowds
Matthew|5|1|The Sermon on the Mount
Matthew|5|2|The Beatitudes
Matthew|5|13|Salt and Light
Matthew|5|17|Christ Came to Fulfill the Law
Matthew|5|21|Anger
Matthew|5|27|Lust
Matthew|5|31|Divorce
Matthew|5|33|Oaths
Matthew|5|38|Retaliation
Matthew|5|43|Love Your Enemies
Matthew|6|1|Giving to the Needy
Matthew|6|5|The Lord's Prayer
Matthew|6|16|Fasting
Matthew|6|19|Lay Up Treasures in Heaven
Matthew|6|25|Do Not Be Anxious
Matthew|7|1|Judging Others
Matthew|7|7|Ask, and It Will Be Given
Matthew|7|12|The Golden Rule
Matthew|7|15|A Tree and its Fruit
Matthew|7|21|I Never Knew You
Matthew|7|24|Build Your House on the Rock
Matthew|7|28|The Authority of Jesus
Matthew|8|1|Jesus Cleanses a Leper
Matthew|8|5|The Faith of a Centurion
Matthew|8|14|Jesus Heals Many
Matthew|8|18|The Cost of Following Jesus
Matthew|8|23|Jesus Calms a Storm
Matthew|8|28|Jesus Heals Two Men with Demons
Matthew|9|1|Jesus Heals a Paralytic
Matthew|9|9|Jesus Calls Matthew
Matthew|9|14|A Question About Fasting
Matthew|9|18|A Girl Restored to Life and a Woman Healed
Matthew|9|27|Jesus Heals Two Blind Men
Matthew|9|32|Jesus Heals a Man Unable to Speak
Matthew|9|35|The Harvest Is Plentiful, the Laborers Few
Matthew|10|1|The Twelve Apostles
Matthew|10|5|Jesus Sends Out the Twelve Apostles
Matthew|10|16|Persecution Will Come
Matthew|10|26|Have No Fear
Matthew|10|34|Not Peace, but a Sword
Matthew|10|40|Rewards
Matthew|11|1|Messengers from John the Baptist
Matthew|11|20|Woe to Unrepentant Cities
Matthew|11|25|Come to Me, and I Will Give You Rest
Matthew|12|1|Jesus Is Lord of the Sabbath
Matthew|12|9|A Man with a Withered Hand
Matthew|12|15|God's Chosen Servant
Matthew|12|22|Blasphemy Against the Holy Spirit
Matthew|12|33|A Tree is Known by its Fruit
Matthew|12|38|The Sign of Jonah
Matthew|12|43|Return of an Unclean Spirit
Matthew|12|46|Jesus' Mother and Brothers
Matthew|13|1|The Parable of the Sower
Matthew|13|10|The Purpose of the Parables
Matthew|13|18|The Parable of the Sower Explained
Matthew|13|24|The Parable of the Weeds
Matthew|13|31|The Mustard Seed and the Leaven
Matthew|13|34|Prophecy and Parables
Matthew|13|36|The Parable of the Weeds Explained
Matthew|13|44|The Parable of the Hidden Treasure
Matthew|13|45|The Parable of the Pearl of Great Value
Matthew|13|47|The Parable of the Net
Matthew|13|51|New and Old Treasures
Matthew|13|53|Jesus Rejected at Nazareth
Matthew|14|1|The Death of John the Baptist
Matthew|14|13|Jesus Feeds the Five Thousand
Matthew|14|22|Jesus Walks on the Water
Matthew|14|34|Jesus Heals the Sick in Gennesaret
Matthew|15|1|Traditions and Commandments
Matthew|15|10|What Defiles a Person
Matthew|15|21|The Faith of a Canaanite Woman
Matthew|15|29|Jesus Heals Many
Matthew|15|32|Jesus Feeds the Four Thousand
Matthew|16|1|The Pharisees and Sadducees Demand Signs
Matthew|16|5|The Leaven of the Pharisees and Sadducees
Matthew|16|13|Peter Confesses Jesus as the Christ
Matthew|16|21|Jesus Foretells His Death and Resurrection
Matthew|16|24|Take Up Your Cross and Follow Jesus
Matthew|17|1|The Transfiguration
Matthew|17|14|Jesus Heals a Boy with a Demon
Matthew|17|22|Jesus Again Foretells Death, Resurrection
Matthew|17|24|The Temple Tax
Matthew|18|1|Who Is the Greatest?
Matthew|18|7|Temptations to Sin
Matthew|18|10|The Parable of the Lost Sheep
Matthew|18|15|If Your Brother Sins Against You
Matthew|18|21|The Parable of the Unforgiving Servant
Matthew|19|1|Teaching About Divorce
Matthew|19|13|Let the Children Come to Me
Matthew|19|16|The Rich Young Man
Matthew|20|1|Laborers in the Vineyard
Matthew|20|17|Jesus Foretells His Death a Third Time
Matthew|20|20|A Mother's Request
Matthew|20|29|Jesus Heals Two Blind Men
Matthew|21|1|The Triumphal Entry
Matthew|21|12|Jesus Cleanses the Temple
Matthew|21|18|Jesus Curses the Fig Tree
Matthew|21|23|The Authority of Jesus Challenged
Matthew|21|28|The Parable of the Two Sons
Matthew|21|33|The Parable of the Tenants
Matthew|22|1|The Parable of the Wedding Feast
Matthew|22|15|Paying Taxes to Caesar
Matthew|22|23|Sadducees Ask About the Resurrection
Matthew|22|34|The Great Commandment
Matthew|22|41|Whose Son Is the Christ?
Matthew|23|1|Seven Woes to the Scribes and Pharisees
Matthew|23|37|Lament over Jerusalem
Matthew|24|1|Jesus Foretells Destruction of the Temple
Matthew|24|3|Signs of the End of the Age
Matthew|24|15|The Abomination of Desolation
Matthew|24|29|The Coming of the Son of Man
Matthew|24|32|The Lesson of the Fig Tree
Matthew|24|36|No One Knows That Day and Hour
Matthew|25|1|The Parable of the Ten Virgins
Matthew|25|14|The Parable of the Talents
Matthew|25|31|The Final Judgment
Matthew|26|1|The Plot to Kill Jesus
Matthew|26|6|Jesus Anointed at Bethany
Matthew|26|14|Judas to Betray Jesus
Matthew|26|17|The Passover with the Disciples
Matthew|26|26|Institution of the Lord's Supper
Matthew|26|30|Jesus Foretells Peter's Denial
Matthew|26|36|Jesus Prays in Gethsemane
Matthew|26|47|Betrayal and Arrest of Jesus
Matthew|26|57|Jesus Before Caiaphas and the Council
Matthew|26|69|Peter Denies Jesus
Matthew|27|1|Jesus Delivered to Pilate
Matthew|27|3|Judas Hangs Himself
Matthew|27|11|Jesus Before Pilate
Matthew|27|15|The Crowd Chooses Barabbas
Matthew|27|24|Pilate Delivers Jesus to Be Crucified
Matthew|27|27|Jesus Is Mocked
Matthew|27|32|The Crucifixion
Matthew|27|45|The Death of Jesus
Matthew|27|57|Jesus Is Buried
Matthew|27|62|The Guard at the Tomb
Matthew|28|1|The Resurrection
Matthew|28|11|The Report of the Guard
Matthew|28|16|The Great Commission
Mark|1|1|John the Baptist Prepares the Way
Mark|1|9|The Baptism of Jesus
Mark|1|12|The Temptation of Jesus
Mark|1|14|Jesus Begins His Ministry
Mark|1|16|Jesus Calls the First Disciples
Mark|1|21|Jesus Heals a Man with an Unclean Spirit
Mark|1|29|Jesus Heals Many
Mark|1|35|Jesus Preaches in Galilee
Mark|1|40|Jesus Cleanses a Leper
Mark|2|1|Jesus Heals a Paralytic
Mark|2|13|Jesus Calls Levi
Mark|2|18|A Question About Fasting
Mark|2|23|Jesus Is Lord of the Sabbath
Mark|3|1|A Man with a Withered Hand
Mark|3|7|A Great Crowd Follows Jesus
Mark|3|13|The Twelve Apostles
Mark|3|22|Blasphemy Against the Holy Spirit
Mark|3|31|Jesus' Mother and Brothers
Mark|4|1|The Parable of the Sower
Mark|4|10|The Purpose of the Parables
Mark|4|21|A Lamp Under a Basket
Mark|4|26|The Parable of the Seed Growing
Mark|4|30|The Parable of the Mustard Seed
Mark|4|35|Jesus Calms a Storm
Mark|5|1|Jesus Heals a Man with a Demon
Mark|5|21|Jesus Heals a Woman and Jairus's Daughter
Mark|6|1|Jesus Rejected at Nazareth
Mark|6|7|Jesus Sends Out the Twelve Apostles
Mark|6|14|The Death of John the Baptist
Mark|6|30|Jesus Feeds the Five Thousand
Mark|6|45|Jesus Walks on the Water
Mark|6|53|Jesus Heals the Sick in Gennesaret
Mark|7|1|Traditions and Commandments
Mark|7|14|What Defiles a Person
Mark|7|24|The Syrophoenician Woman's Faith
Mark|7|31|Jesus Heals a Deaf Man
Mark|8|1|Jesus Feeds the Four Thousand
Mark|8|11|The Pharisees Demand a Sign
Mark|8|14|The Leaven of the Pharisees and Herod
Mark|8|22|Jesus Heals a Blind Man at Bethsaida
Mark|8|27|Peter Confesses Jesus as the Christ
Mark|8|31|Jesus Foretells His Death and Resurrection
Mark|9|2|The Transfiguration
Mark|9|14|Jesus Heals a Boy with an Unclean Spirit
Mark|9|30|Jesus Again Foretells Death, Resurrection
Mark|9|33|Who Is the Greatest?
Mark|9|38|Anyone Not Against Us is for Us
Mark|9|42|Temptations to Sin
Mark|10|1|Teaching About Divorce
Mark|10|13|Let the Children Come to Me
Mark|10|17|The Rich Young Man
Mark|10|32|Jesus Foretells His Death a Third Time
Mark|10|35|The Request of James and John
Mark|10|46|Jesus Heals Blind Bartimaeus
Mark|11|1|The Triumphal Entry
Mark|11|12|Jesus Curses the Fig Tree
Mark|11|15|Jesus Cleanses the Temple
Mark|11|20|The Lesson from the Withered Fig Tree
Mark|11|27|The Authority of Jesus Challenged
Mark|12|1|The Parable of the Tenants
Mark|12|13|Paying Taxes to Caesar
Mark|12|18|The Sadducees Ask About the Resurrection
Mark|12|28|The Great Commandment
Mark|12|35|Whose Son Is the Christ?
Mark|12|38|Beware of the Scribes
Mark|12|41|The Widow's Offering
Mark|13|1|Jesus Foretells Destruction of the Temple
Mark|13|3|Signs of the End of the Age
Mark|13|14|The Abomination of Desolation
Mark|13|24|The Coming of the Son of Man
Mark|13|28|The Lesson of the Fig Tree
Mark|13|32|No One Knows That Day or Hour
Mark|14|1|The Plot to Kill Jesus
Mark|14|3|Jesus Anointed at Bethany
Mark|14|10|Judas to Betray Jesus
Mark|14|12|The Passover with the Disciples
Mark|14|22|Institution of the Lord's Supper
Mark|14|26|Jesus Foretells Peter's Denial
Mark|14|32|Jesus Prays in Gethsemane
Mark|14|43|Betrayal and Arrest of Jesus
Mark|14|51|A Young Man Flees
Mark|14|53|Jesus Before the Council
Mark|14|66|Peter Denies Jesus
Mark|15|1|Peter Denies Jesus
Mark|15|6|Pilate Delivers Jesus to Be Crucified
Mark|15|16|Jesus Is Mocked
Mark|15|21|The Crucifixion
Mark|15|33|The Death of Jesus
Mark|15|42|Jesus Is Buried
Mark|16|1|The Resurrection
Mark|16|9|Jesus Appears to Mary Magdalene
Mark|16|12|Jesus Appears to Two Disciples
Mark|16|14|The Great Commission
Luke|1|1|Dedication to Theophilus
Luke|1|5|Birth of John the Baptist Foretold
Luke|1|26|Birth of Jesus Foretold
Luke|1|39|Mary Visits Elizabeth
Luke|1|46|Mary's Song of Praise: The Magnificat
Luke|1|57|The Birth of John the Baptist
Luke|1|67|Zechariah's Prophecy
Luke|2|1|The Birth of Jesus Christ
Luke|2|8|The Shepherds and the Angels
Luke|2|22|Jesus Presented at the Temple
Luke|2|39|The Return to Nazareth
Luke|2|41|The Boy Jesus in the Temple
Luke|3|1|John the Baptist Prepares the Way
Luke|3|23|The Genealogy of Jesus Christ
Luke|4|1|The Temptation of Jesus
Luke|4|14|Jesus Begins His Ministry
Luke|4|16|Jesus Rejected at Nazareth
Luke|4|31|Jesus Heals a Man with an Unclean Demon
Luke|4|38|Jesus Heals Many
Luke|4|42|Jesus Preaches in Synagogues
Luke|5|1|Jesus Calls the First Disciples
Luke|5|12|Jesus Cleanses a Leper
Luke|5|17|Jesus Heals a Paralytic
Luke|5|27|Jesus Calls Levi
Luke|5|33|A Question About Fasting
Luke|6|1|Jesus Is Lord of the Sabbath
Luke|6|6|A Man with a Withered Hand
Luke|6|12|The Twelve Apostles
Luke|6|17|Jesus Ministers to a Great Multitude
Luke|6|20|The Beatitudes
Luke|6|24|Jesus Pronounces Woes
Luke|6|27|Love Your Enemies
Luke|6|37|Judging Others
Luke|6|43|A Tree and its Fruit
Luke|6|46|Build Your House on the Rock
Luke|7|1|Jesus Heals a Centurion's Servant
Luke|7|11|Jesus Raises a Widow's Son
Luke|7|18|Messengers from John the Baptist
Luke|7|36|A Sinful Woman Forgiven
Luke|8|1|Women Accompanying Jesus
Luke|8|4|The Parable of the Sower
Luke|8|9|The Purpose of the Parables
Luke|8|16|A Lamp Under a Jar
Luke|8|19|Jesus' Mother and Brothers
Luke|8|22|Jesus Calms a Storm
Luke|8|26|Jesus Heals a Man with a Demon
Luke|8|40|Jesus Heals a Woman and Jairus's Daughter
Luke|9|1|Jesus Sends Out the Twelve Apostles
Luke|9|7|Herod Is Perplexed by Jesus
Luke|9|10|Jesus Feeds the Five Thousand
Luke|9|18|Peter Confesses Jesus as the Christ
Luke|9|21|Jesus Foretells His Death
Luke|9|23|Take Up Your Cross and Follow Jesus
Luke|9|28|The Transfiguration
Luke|9|37|Jesus Heals a Boy with an Unclean Spirit
Luke|9|43|Jesus Again Foretells His Death
Luke|9|46|Who Is the Greatest?
Luke|9|49|Anyone Not Against Us is for Us
Luke|9|51|A Samaritan Village Rejects Jesus
Luke|9|57|The Cost of Following Jesus
Luke|10|1|Jesus Sends Out the Seventy-Two
Luke|10|13|Woe to Unrepentant Cities
Luke|10|17|The Return of the Seventy-Two
Luke|10|21|Jesus Rejoices in the Father's Will
Luke|10|25|The Parable of the Good Samaritan
Luke|10|38|Martha and Mary
Luke|11|1|The Lord's Prayer
Luke|11|14|Jesus and Beelzebul
Luke|11|24|Return of an Unclean Spirit
Luke|11|27|True Blessedness
Luke|11|29|The Sign of Jonah
Luke|11|33|The Light in You
Luke|11|37|Woes to the Pharisees and Lawyers
Luke|12|1|Beware of the Leaven of the Pharisees
Luke|12|4|Have No Fear
Luke|12|8|Acknowledge Christ Before Men
Luke|12|13|The Parable of the Rich Fool
Luke|12|22|Do Not Be Anxious
Luke|12|35|You Must Be Ready
Luke|12|49|Not Peace, but Division
Luke|12|54|Interpreting the Time
Luke|12|57|Settle with Your Accuser
Luke|13|1|Repent or Perish
Luke|13|6|The Parable of the Barren Fig Tree
Luke|13|10|A Woman with a Disabling Spirit
Luke|13|18|The Mustard Seed and the Leaven
Luke|13|22|The Narrow Door
Luke|13|31|Lament over Jerusalem
Luke|14|1|Healing of a Man on the Sabbath
Luke|14|7|The Parable of the Wedding Feast
Luke|14|12|The Parable of the Great Banquet
Luke|14|25|The Cost of Discipleship
Luke|14|34|Salt Without Taste Is Worthless
Luke|15|1|The Parable of the Lost Sheep
Luke|15|8|The Parable of the Lost Coin
Luke|15|11|The Parable of the Prodigal Son
Luke|16|1|The Parable of the Dishonest Manager
Luke|16|14|The Law and the Kingdom of God
Luke|16|18|Divorce and Remarriage
Luke|16|19|The Rich Man and Lazarus
Luke|17|1|Temptations to Sin
Luke|17|5|Increase Our Faith
Luke|17|7|Unworthy Servants
Luke|17|11|Jesus Cleanses Ten Lepers
Luke|17|20|The Coming of the Kingdom
Luke|18|1|The Parable of the Persistent Widow
Luke|18|9|The Pharisee and the Tax Collector
Luke|18|15|Let the Children Come to Me
Luke|18|18|The Rich Ruler
Luke|18|31|Jesus Foretells His Death a Third Time
Luke|18|35|Jesus Heals a Blind Beggar
Luke|19|1|Jesus and Zacchaeus
Luke|19|11|The Parable of the Ten Minas
Luke|19|28|The Triumphal Entry
Luke|19|41|Jesus Weeps over Jerusalem
Luke|19|45|Jesus Cleanses the Temple
Luke|20|1|The Authority of Jesus Challenged
Luke|20|9|The Parable of the Wicked Tenants
Luke|20|19|Paying Taxes to Caesar
Luke|20|27|Sadducees Ask About the Resurrection
Luke|20|41|Whose Son Is the Christ?
Luke|20|45|Beware of the Scribes
Luke|21|1|The Widow's Offering
Luke|21|5|Jesus Foretells Destruction of the Temple
Luke|21|10|Jesus Foretells Wars and Persecution
Luke|21|20|Jesus Foretells Destruction of Jerusalem
Luke|21|25|The Coming of the Son of Man
Luke|21|29|The Lesson of the Fig Tree
Luke|21|34|Watch Yourselves
Luke|22|1|The Plot to Kill Jesus
Luke|22|3|Judas to Betray Jesus
Luke|22|7|The Passover with the Disciples
Luke|22|14|Institution of the Lord's Supper
Luke|22|24|Who Is the Greatest?
Luke|22|31|Jesus Foretells Peter's Denial
Luke|22|35|Scripture Must Be Fulfilled in Jesus
Luke|22|39|Jesus Prays on the Mount of Olives
Luke|22|47|Betrayal and Arrest of Jesus
Luke|22|54|Peter Denies Jesus
Luke|22|63|Jesus Is Mocked
Luke|22|66|Jesus Before the Council
Luke|23|1|Jesus Before Pilate
Luke|23|6|Jesus Before Herod
Luke|23|18|Pilate Delivers Jesus to Be Crucified
Luke|23|26|The Crucifixion
Luke|23|44|The Death of Jesus
Luke|23|50|Jesus Is Buried
Luke|24|1|The Resurrection
Luke|24|13|On the Road to Emmaus
Luke|24|36|Jesus Appears to His Disciples
Luke|24|50|The Ascension
John|1|1|The Word Became Flesh
John|1|19|The Testimony of John the Baptist
John|1|29|Behold, the Lamb of God
John|1|35|Jesus Calls the First Disciples
John|1|43|Jesus Calls Philip and Nathanael
John|2|2|The Wedding at Cana
John|2|13|Jesus Cleanses the Temple
John|2|23|Jesus Knows What Is in Man
John|3|1|You Must Be Born Again
John|3|16|For God So Loved the World
John|3|22|John the Baptist Exalts Christ
John|4|1|Jesus and the Woman of Samaria
John|4|46|Jesus Heals an Official's Son
John|5|1|The Healing at the Pool on the Sabbath
John|5|18|Jesus Is Equal with God
John|5|19|The Authority of the Son
John|5|30|Witnesses to Jesus
John|6|1|Jesus Feeds the Five Thousand
John|6|16|Jesus Walks on Water
John|6|22|I Am the Bread of Life
John|6|60|The Words of Eternal Life
John|7|1|Jesus at the Feast of Booths
John|7|25|Can This Be the Christ?
John|7|32|Officers Sent to Arrest Jesus
John|7|37|Rivers of Living Water
John|7|40|Division Among the People
John|7|53|The Woman Caught in Adultery
John|8|12|I Am the Light of the World
John|8|31|The Truth Will Set You Free
John|8|39|You Are of Your Father the Devil
John|8|48|Before Abraham Was, I Am
John|9|1|Jesus Heals a Man Born Blind
John|10|1|I Am the Good Shepherd
John|10|22|I and the Father Are One
John|11|1|The Death of Lazarus
John|11|17|I Am the Resurrection and the Life
John|11|28|Jesus Weeps
John|11|38|Jesus Raises Lazarus
John|11|45|The Plot to Kill Jesus
John|12|1|Mary Anoints Jesus at Bethany
John|12|9|The Plot to Kill Lazarus
John|12|12|The Triumphal Entry
John|12|20|Some Greeks Seek Jesus
John|12|27|The Son of Man Must Be Lifted Up
John|12|36|The Unbelief of the People
John|12|44|Jesus Came to Save the World
John|13|1|Jesus Washes the Disciples' Feet
John|13|21|One of You Will Betray Me
John|13|31|A New Commandment
John|13|36|Jesus Foretells Peter's Denial
John|14|1|I Am the Way, and the Truth, and the Life
John|14|15|Jesus Promises the Holy Spirit
John|15|1|I Am the True Vine
John|15|18|The Hatred of the World
John|16|4|The Work of the Holy Spirit
John|16|15|Your Sorrow Will Turn into Joy
John|16|25|I Have Overcome the World
John|17|1|The High Priestly Prayer
John|18|1|Betrayal and Arrest of Jesus
John|18|12|Jesus Faces Annas and Caiaphas
John|18|15|Peter Denies Jesus
John|18|19|The High Priest Questions Jesus
John|18|25|Peter Denies Jesus Again
John|18|28|Jesus Before Pilate
John|18|33|My Kingdom Is Not of This World
John|19|1|Jesus Delivered to Be Crucified
John|19|16|The Crucifixion
John|19|28|The Death of Jesus
John|19|31|Jesus' Side Is Pierced
John|19|38|Jesus Is Buried
John|20|1|The Resurrection
John|20|11|Jesus Appears to Mary Magdalene
John|20|19|Jesus Appears to the Disciples
John|20|24|Jesus and Thomas
John|20|30|The Purpose of This Book
John|21|1|Jesus Appears to Seven Disciples
John|21|15|Jesus and Peter
John|21|20|Jesus and the Beloved Apostle
Acts|1|1|The Promise of the Holy Spirit
Acts|1|6|The Ascension
Acts|1|12|Matthias Chosen to Replace Judas
Acts|2|1|The Coming of the Holy Spirit
Acts|2|14|Peter's Sermon at Pentecost
Acts|2|42|The Fellowship of the Believers
Acts|3|1|The Lame Beggar Healed
Acts|3|11|Peter Speaks in Solomon's Portico
Acts|4|1|Peter and John Before the Council
Acts|4|23|The Believers Pray for Boldness
Acts|4|32|They Had Everything in Common
Acts|5|1|Ananias and Sapphira
Acts|5|12|Many Signs and Wonders Done
Acts|5|17|The Apostles Arrested and Freed
Acts|6|1|Seven Chosen to Serve
Acts|6|8|Stephen Is Seized
Acts|7|1|Stephen's Speech
Acts|7|54|The Stoning of Stephen
Acts|8|1|Saul Ravages the Church
Acts|8|4|Philip Proclaims Christ in Samaria
Acts|8|9|Simon the Magician Believes
Acts|8|26|Philip and the Ethiopian Eunuch
Acts|9|1|The Conversion of Saul
Acts|9|19|Saul Proclaims Jesus in Synagogues
Acts|9|23|Saul Escapes from Damascus
Acts|9|26|Saul in Jerusalem
Acts|9|32|The Healing of Aeneas
Acts|9|36|Dorcas Restored to Life
Acts|10|1|Peter and Cornelius
Acts|10|9|Peter's Vision
Acts|10|34|Gentiles Hear the Good News
Acts|10|44|The Holy Spirit Falls on the Gentiles
Acts|11|1|Peter Reports to the Church
Acts|11|19|The Church in Antioch
Acts|12|1|James Killed and Peter Imprisoned
Acts|12|6|Peter Is Rescued
Acts|12|20|The Death of Herod
Acts|13|1|Barnabas and Saul Sent Off
Acts|13|4|Barnabas and Saul on Cyprus
Acts|13|13|Paul and Barnabas at Antioch in Pisidia
Acts|14|1|Paul and Barnabas at Iconium
Acts|14|8|Paul and Barnabas at Lystra
Acts|14|19|Paul Stoned at Lystra
Acts|14|24|Paul and Barnabas Return to Antioch in Syria
Acts|15|1|The Jerusalem Council
Acts|15|22|The Council's Letter to Gentile Believers
Acts|15|36|Paul and Barnabas Separate
Acts|16|1|Timothy Joins Paul and Silas
Acts|16|6|The Macedonian Call
Acts|16|11|The Conversion of Lydia
Acts|16|16|Paul and Silas in Prison
Acts|16|25|The Philippian Jailer Converted
Acts|17|1|Paul and Silas in Thessalonica
Acts|17|10|Paul and Silas in Berea
Acts|17|16|Paul in Athens
Acts|17|22|Paul Addresses the Areopagus
Acts|18|1|Paul in Corinth
Acts|18|18|Paul Returns to Antioch
Acts|18|24|Apollos Speaks Boldly in Ephesus
Acts|19|1|Paul in Ephesus
Acts|19|11|The Sons of Sceva
Acts|19|21|A Riot at Ephesus
Acts|20|1|Paul in Macedonia and Greece
Acts|20|7|Eutychus Raised from the Dead
Acts|20|17|Paul Speaks to the Ephesian Elders
Acts|21|1|Paul Goes to Jerusalem
Acts|21|17|Paul Visits James
Acts|21|27|Paul Arrested in the Temple
Acts|21|37|Paul Speaks to the People
Acts|22|22|Paul and the Roman Tribune
Acts|22|30|Paul Before the Council
Acts|23|12|A Plot to Kill Paul
Acts|23|23|Paul Sent to Felix the Governor
Acts|24|1|Paul Before Felix at Caesarea
Acts|24|22|Paul Kept in Custody
Acts|25|1|Paul Appeals to Caesar
Acts|25|13|Paul Before Agrippa and Bernice
Acts|26|1|Paul's Defense Before Agrippa
Acts|26|12|Paul Tells of His Conversion
Acts|27|1|Paul Sails for Rome
Acts|27|13|The Storm at Sea
Acts|27|39|The Shipwreck
Acts|28|1|Paul on Malta
Acts|28|11|Paul Arrives at Rome
Acts|28|17|Paul in Rome
Romans|1|1|Greeting
Romans|1|8|Longing to Go to Rome
Romans|1|16|The Righteous Shall Live by Faith
Romans|1|18|God's Wrath on Unrighteousness
Romans|2|1|God's Righteous Judgment
Romans|2|12|God's Judgment and the Law
Romans|3|1|God's Righteousness Upheld
Romans|3|9|No One Is Righteous
Romans|3|21|The Righteousness of God Through Faith
Romans|4|1|Abraham Justified by Faith
Romans|4|13|The Promise Realized Through Faith
Romans|5|1|Peace with God Through Faith
Romans|5|12|Death in Adam, Life in Christ
Romans|6|1|Dead to Sin, Alive to God
Romans|6|15|Slaves to Righteousness
Romans|7|1|Released from the Law
Romans|7|7|The Law and Sin
Romans|8|1|Life in the Spirit
Romans|8|12|Heirs with Christ
Romans|8|18|Future Glory
Romans|8|31|God's Everlasting Love
Romans|9|1|God's Sovereign Choice
Romans|9|30|Israel's Unbelief
Romans|10|5|The Message of Salvation to All
Romans|11|1|The Remnant of Israel
Romans|11|11|Gentiles Grafted In
Romans|11|25|The Mystery of Israel's Salvation
Romans|12|1|A Living Sacrifice
Romans|12|3|Gifts of Grace
Romans|12|9|Marks of the True Christian
Romans|13|1|Submission to the Authorities
Romans|13|8|Fulfilling the Law Through Love
Romans|14|1|Do Not Pass Judgment on One Another
Romans|14|13|Do Not Cause Another to Stumble
Romans|15|1|The Example of Christ
Romans|15|8|Christ the Hope of Jews and Gentiles
Romans|15|14|Paul the Minister to the Gentiles
Romans|15|22|Paul's Plan to Visit Rome
Romans|16|1|Personal Greetings
Romans|16|17|Final Instructions and Greetings
Romans|16|25|Doxology
1 Corinthians|1|1|Greeting
1 Corinthians|1|4|Thanksgiving
1 Corinthians|1|10|Divisions in the Church
1 Corinthians|1|18|Christ the Wisdom and Power of God
1 Corinthians|2|1|Proclaiming Christ Crucified
1 Corinthians|2|6|Wisdom from the Spirit
1 Corinthians|3|1|Divisions in the Church
1 Corinthians|4|1|The Ministry of Apostles
1 Corinthians|5|1|Sexual Immorality Defiles the Church
1 Corinthians|6|1|Lawsuits Against Believers
1 Corinthians|6|12|Flee Sexual Immorality
1 Corinthians|7|1|Principles for Marriage
1 Corinthians|7|17|Live as You Are Called
1 Corinthians|7|25|The Unmarried and the Widowed
1 Corinthians|8|1|Food Offered to Idols
1 Corinthians|9|1|Paul Surrenders His Rights
1 Corinthians|10|1|Warning Against Idolatry
1 Corinthians|10|23|Do All to the Glory of God
1 Corinthians|11|2|Head Coverings
1 Corinthians|11|17|The Lord's Supper
1 Corinthians|12|1|Spiritual Gifts
1 Corinthians|12|12|One Body with Many Members
1 Corinthians|13|1|The Way of Love
1 Corinthians|14|1|Prophecy and Tongues
1 Corinthians|14|26|Orderly Worship
1 Corinthians|15|1|The Resurrection of Christ
1 Corinthians|15|12|The Resurrection of the Dead
1 Corinthians|15|35|The Resurrection Body
1 Corinthians|15|50|Mystery and Victory
1 Corinthians|16|1|The Collection for the Saints
1 Corinthians|16|5|Plans for Travel
1 Corinthians|16|12|Final Instructions
1 Corinthians|16|19|Greetings
2 Corinthians|1|1|Greeting
2 Corinthians|1|3|God of All Comfort
2 Corinthians|1|12|Paul's Change of Plans
2 Corinthians|2|5|Forgive the Sinner
2 Corinthians|2|12|Triumph in Christ
2 Corinthians|3|1|Ministers of the New Covenant
2 Corinthians|4|1|The Light of the Gospel
2 Corinthians|4|7|Treasure in Jars of Clay
2 Corinthians|5|1|Our Heavenly Dwelling
2 Corinthians|5|11|The Ministry of Reconciliation
2 Corinthians|6|14|The Temple of the Living God
2 Corinthians|7|2|Paul's Joy
2 Corinthians|8|1|Encouragement to Give Generously
2 Corinthians|8|16|Commendation of Titus
2 Corinthians|9|1|The Collection for Christians in Jerusalem
2 Corinthians|9|6|The Cheerful Giver
2 Corinthians|10|1|Paul Defends His Ministry
2 Corinthians|11|1|Paul and the False Apostles
2 Corinthians|11|16|Paul's Sufferings as an Apostle
2 Corinthians|12|1|Paul's Visions and His Thorn
2 Corinthians|12|11|Concern for the Corinthian Church
2 Corinthians|13|1|Final Warnings
2 Corinthians|13|11|Final Greetings
Galatians|1|1|Greeting
Galatians|1|6|No Other Gospel
Galatians|1|11|Paul Called by God
Galatians|2|1|Paul Accepted by the Apostles
Galatians|2|11|Paul Opposes Peter
Galatians|2|15|Justified by Faith
Galatians|3|1|By Faith, or by Works of the Law?
Galatians|3|10|The Righteous Shall Live by Faith
Galatians|3|15|The Law and the Promise
Galatians|4|1|Sons and Heirs
Galatians|4|8|Paul's Concern for the Galatians
Galatians|4|21|Example of Hagar and Sarah
Galatians|5|1|Christ Has Set Us Free
Galatians|5|16|Keep in Step with the Spirit
Galatians|6|1|Bear One Another's Burdens
Galatians|6|11|Final Warning and Benediction
Ephesians|1|1|Greeting
Ephesians|1|3|Spiritual Blessings in Christ
Ephesians|1|15|Thanksgiving and Prayer
Ephesians|2|1|By Grace Through Faith
Ephesians|2|11|One in Christ
Ephesians|3|1|The Mystery of the Gospel Revealed
Ephesians|3|14|Prayer for Spiritual Strength
Ephesians|4|1|Unity in the Body of Christ
Ephesians|4|17|The New Life
Ephesians|5|1|Walk in Love
Ephesians|5|22|Wives and Husbands
Ephesians|6|1|Children and Parents
Ephesians|6|5|Bondservants and Masters
Ephesians|6|10|The Whole Armor of God
Ephesians|6|21|Final Greetings
Philippians|1|1|Greeting
Philippians|1|3|Thanksgiving and Prayer
Philippians|1|12|The Advance of the Gospel
Philippians|1|19|To Live Is Christ
Philippians|2|1|Christ's Example of Humility
Philippians|2|12|Lights in the World
Philippians|2|19|Timothy and Epaphroditus
Philippians|3|1|Righteousness Through Faith in Christ
Philippians|3|12|Straining Toward the Goal
Philippians|4|2|Exhortation, Encouragement, and Prayer
Philippians|4|10|God's Provision
Philippians|4|21|Final Greetings
Colossians|1|1|Greeting
Colossians|1|3|Thanksgiving and Prayer
Colossians|1|15|The Preeminence of Christ
Colossians|1|24|Paul's Ministry to the Church
Colossians|2|6|Alive in Christ
Colossians|2|16|Let No One Disqualify You
Colossians|3|1|Put On the New Self
Colossians|3|18|Rules for Christian Households
Colossians|4|2|Further Instructions
Colossians|4|7|Final Greetings
1 Thessalonians|1|1|Greeting
1 Thessalonians|1|2|The Thessalonians' Faith and Example
1 Thessalonians|2|1|Paul's Ministry to the Thessalonians
1 Thessalonians|2|17|Paul's Longing to See Them Again
1 Thessalonians|3|6|Timothy's Encouraging Report
1 Thessalonians|4|1|A Life Pleasing to God
1 Thessalonians|4|13|The Coming of the Lord
1 Thessalonians|5|1|The Day of the Lord
1 Thessalonians|5|12|Final Instructions and Benediction
2 Thessalonians|1|1|Greeting
2 Thessalonians|1|3|Thanksgiving
2 Thessalonians|1|5|The Judgment at Christ's Coming
2 Thessalonians|2|1|The Man of Lawlessness
2 Thessalonians|2|13|Stand Firm
2 Thessalonians|3|1|Pray for Us
2 Thessalonians|3|6|Warning Against Idleness
2 Thessalonians|3|16|Benediction
1 Timothy|1|1|Greeting
1 Timothy|1|3|Warning Against False Teachers
1 Timothy|1|12|Christ Jesus Came to Save Sinners
1 Timothy|2|1|Pray for All People
1 Timothy|3|1|Qualifications for Overseers
1 Timothy|3|8|Qualifications for Deacons
1 Timothy|3|14|The Mystery of Godliness
1 Timothy|4|1|Some Will Depart from the Faith
1 Timothy|4|6|A Good Servant of Christ Jesus
1 Timothy|5|1|Instructions for the Church
1 Timothy|6|2|False Teachers and True Contentment
1 Timothy|6|11|Fight the Good Fight of Faith
2 Timothy|1|1|Greeting
2 Timothy|1|3|Guard the Deposit Entrusted to You
2 Timothy|2|1|A Good Soldier of Christ Jesus
2 Timothy|2|14|A Worker Approved by God
2 Timothy|3|1|Godlessness in the Last Days
2 Timothy|3|10|All Scripture is Breathed Out by God
2 Timothy|4|1|Preach the Word
2 Timothy|4|9|Personal Instructions
2 Timothy|4|19|Final Greetings
Titus|1|1|Greeting
Titus|1|5|Qualifications for Elders
Titus|2|1|Teach Sound Doctrine
Titus|3|1|Be Ready for Every Good Work
Titus|3|12|Final Instructions and Greetings
Philemon|1|1|Greeting
Philemon|1|4|Philemon's Love and Faith
Philemon|1|8|Paul's Plea for Onesimus
Philemon|1|23|Final Greetings
Hebrews|1|1|The Supremacy of God's Son
Hebrews|2|1|Warning Against Neglecting Salvation
Hebrews|2|5|The Founder of Salvation
Hebrews|3|1|Jesus Greater Than Moses
Hebrews|3|7|A Rest for the People of God
Hebrews|4|14|Jesus the Great High Priest
Hebrews|5|11|Warning Against Apostasy
Hebrews|6|13|The Certainty of God's Promise
Hebrews|7|1|The Priestly Order of Melchizedek
Hebrews|7|11|Jesus Compared to Melchizedek
Hebrews|8|1|Jesus, High Priest of a Better Covenant
Hebrews|9|1|The Earthly Holy Place
Hebrews|9|11|Redemption Through the Blood of Christ
Hebrews|10|1|Christ's Sacrifice Once for All
Hebrews|10|19|The Full Assurance of Faith
Hebrews|11|1|By Faith
Hebrews|12|1|Jesus, Founder and Perfecter of Our Faith
Hebrews|12|3|Do Not Grow Weary
Hebrews|12|18|A Kingdom That Cannot Be Shaken
Hebrews|13|1|Sacrifices Pleasing to God
Hebrews|13|20|Benediction
Hebrews|13|22|Final Greetings
James|1|1|Greeting
James|1|2|Testing of Your Faith
James|1|19|Hearing and Doing the Word
James|2|1|The Sin of Partiality
James|2|14|Faith Without Works Is Dead
James|3|1|Taming the Tongue
James|3|13|Wisdom from Above
James|4|1|Warning Against Worldliness
James|4|13|Boasting About Tomorrow
James|5|1|Warning to the Rich
James|5|7|Patience in Suffering
James|5|13|The Prayer of Faith
1 Peter|1|1|Greeting
1 Peter|1|3|Born Again to a Living Hope
1 Peter|1|13|Called to Be Holy
1 Peter|2|1|A Living Stone and a Holy People
1 Peter|2|13|Submission to Authority
1 Peter|3|1|Wives and Husbands
1 Peter|3|8|Suffering for Righteousness' Sake
1 Peter|4|1|Stewards of God's Grace
1 Peter|4|12|Suffering as a Christian
1 Peter|5|1|Shepherd the Flock of God
1 Peter|5|12|Final Greetings
2 Peter|1|1|Greeting
2 Peter|1|3|Confirm Your Calling and Election
2 Peter|1|16|Christ's Glory and the Prophetic Word
2 Peter|2|1|False Prophets and Teachers
2 Peter|3|1|The Day of the Lord Will Come
2 Peter|3|14|Final Words
1 John|1|1|The Word of Life
1 John|1|5|Walking in the Light
1 John|2|1|Christ Our Advocate
1 John|2|7|The New Commandment
1 John|2|15|Do Not Love the World
1 John|2|18|Warning Concerning Antichrists
1 John|2|28|Children of God
1 John|3|11|Love One Another
1 John|4|1|Test the Spirits
1 John|4|7|God Is Love
1 John|5|1|Overcoming the World
1 John|5|6|Testimony Concerning the Son of God
1 John|5|13|That You May Know
2 John|1|1|Greeting
2 John|1|4|Walking in Truth and Love
2 John|1|12|Final Greetings
3 John|1|1|Greeting
3 John|1|5|Support and Opposition
3 John|1|13|Final Greetings
Jude|1|1|Greeting
Jude|1|3|Judgment on False Teachers
Jude|1|17|A Call to Persevere
Jude|1|24|Doxology
Revelation|1|1|Prologue
Revelation|1|4|Greeting to the Seven Churches
Revelation|1|9|Vision of the Son of Man
Revelation|2|1|To the Church in Ephesus
Revelation|2|8|To the Church in Smyrna
Revelation|2|12|To the Church in Pergamum
Revelation|2|18|To the Church in Thyatira
Revelation|3|1|To the Church in Sardis
Revelation|3|7|To the Church in Philadelphia
Revelation|3|14|To the Church in Laodicea
Revelation|4|1|The Throne in Heaven
Revelation|5|1|The Scroll and the Lamb
Revelation|6|1|The Seven Seals
Revelation|7|1|The 144,000 of Israel Sealed
Revelation|7|9|A Great Multitude from Every Nation
Revelation|8|1|The Seventh Seal and the Golden Censer
Revelation|8|6|The Seven Trumpets
Revelation|10|1|The Angel and the Little Scroll
Revelation|11|1|The Two Witnesses
Revelation|11|15|The Seventh Trumpet
Revelation|12|1|The Woman and the Dragon
Revelation|12|7|Satan Thrown Down to Earth
Revelation|13|1|The First Beast
Revelation|13|11|The Second Beast
Revelation|14|1|The Lamb and the 144,000
Revelation|14|6|The Messages of the Three Angels
Revelation|14|14|The Harvest of the Earth
Revelation|15|1|The Seven Angels with Seven Plagues
Revelation|16|1|The Seven Bowls of God's Wrath
Revelation|16|17|The Seventh Bowl
Revelation|17|1|The Great Prostitute and the Beast
Revelation|18|1|The Fall of Babylon
Revelation|19|1|Rejoicing in Heaven
Revelation|19|6|The Marriage Supper of the Lamb
Revelation|19|11|The Rider on a White Horse
Revelation|20|1|The Thousand Years
Revelation|20|7|The Defeat of Satan
Revelation|20|11|Judgment Before the Great White Throne
Revelation|21|1|The New Heaven and the New Earth
Revelation|21|9|The New Jerusalem
Revelation|22|1|The River of Life
Revelation|22|6|Jesus Is Coming
